"","Rk","Name","Team","Age","Pos","GP","G","A","P","PIM","+/-","TOI","ES","PP","SH","ESG","PPG","SHG","GWG","OTG","ESA","PPA","SHA","GWA","OTA","ESP","PPP","SHP","GWP","OTP","PPP%","G/60","A/60","P/60","ESG/60","ESA/60","ESP/60","PPG/60","PPA/60","PPP/60","G/GP","A/GP","P/GP","SHOTS","SH%","HITS","BS","FOW","FOL","FO%"
"1","1","Connor McDavid","EDM",24,"F","80",44,79,123,45,28,"22:03","18:08","3:43","0:12","34","10","0",9,"4","44","34","1","14","1",78,"44",1,"23","5","35.8%",1.495,2.685,4.181,"1.406","1.819","3.225","2.014","6.849","8.863",0.55,0.988,"1.538",314,"14.0%",75,"26",562,484,"53.73%"
"2","2","Johnny Gaudreau","CGY",28,"F","82",40,75,115,26,64,"18:34","15:33","2:56","0:03","34","6","0",9,"2","56","19","0","12","2",90,"25",0,"21","4","21.7%",1.576,2.955,4.531,"1.598","2.632","4.231","1.489","4.714","6.203",0.488,0.915,"1.402",262,"15.3%",10,"9",1,0,"100.00%"
"3","3","Jonathan Huberdeau","FLA",28,"F","80",30,85,115,54,35,"19:25","13:54","3:41","1:49","22","5","3",7,"2","50","33","2","15","6",72,"38",5,"22","8","33.0%",1.159,3.283,4.441,"1.187","2.698","3.885","1.016","6.709","7.725",0.375,1.063,"1.438",222,"13.5%",99,"28",18,36,"33.33%"
"4","4","Leon Draisaitl","EDM",26,"F","80",55,55,110,40,17,"22:20","17:34","3:50","0:56","30","24","1",11,"1","38","17","0","8","1",68,"41",1,"19","2","37.3%",1.846,1.846,3.691,"1.281","1.622","2.903","4.692","3.323","8.015",0.688,0.688,"1.375",278,"19.8%",53,"25",887,774,"53.40%"
"5","5","Kirill Kaprizov","MIN",24,"F","81",47,61,108,34,27,"19:06","15:45","3:18","0:02","33","14","0",5,"2","44","17","0","11","3",77,"31",0,"16","5","28.7%",1.822,2.365,4.187,"1.551","2.068","3.62","3.135","3.806","6.941",0.58,0.753,"1.333",289,"16.3%",73,"29",5,4,"55.56%"
"6","6","Auston Matthews","TOR",24,"F","73",60,46,106,18,20,"20:36","17:27","3:05","0:03","44","16","0",10,"2","33","13","0","5","2",77,"29",0,"15","4","27.4%",2.393,1.834,4.227,"2.072","1.554","3.627","4.252","3.455","7.708",0.822,0.63,"1.452",348,"17.2%",67,"62",691,538,"56.22%"
"7","7","Steven Stamkos","TBL",31,"F","81",42,64,106,36,24,"18:28","14:22","3:42","0:23","26","16","0",11,"3","44","20","0","4","1",70,"36",0,"15","4","34.0%",1.684,2.566,4.249,"1.339","2.266","3.606","3.197","3.996","7.194",0.519,0.79,"1.309",241,"17.4%",93,"31",545,523,"51.03%"
"8","8","Matthew Tkachuk","CGY",24,"F","82",42,62,104,68,57,"17:53","14:57","2:54","0:01","30","12","0",6,"0","45","17","0","10","0",75,"29",0,"16","0","27.9%",1.717,2.535,4.252,"1.468","2.201","3.669","3.018","4.276","7.294",0.512,0.756,"1.268",253,"16.6%",93,"20",20,23,"46.51%"
"9","9","J.T. Miller","VAN",28,"F","80",32,67,99,47,15,"21:04","15:40","3:18","2:05","24","8","0",6,"3","35","30","2","10","0",59,"38",2,"16","3","38.4%",1.139,2.385,3.524,"1.148","1.675","2.823","1.814","6.801","8.615",0.4,0.838,"1.238",206,"15.5%",172,"56",667,566,"54.10%"
"10","10","Mitchell Marner","TOR",24,"F","72",35,62,97,16,23,"20:52","15:46","3:06","1:59","26","6","3",5,"1","42","19","1","11","1",68,"25",4,"16","2","25.8%",1.397,2.474,3.871,"1.373","2.218","3.591","1.61","5.097","6.707",0.486,0.861,"1.347",224,"15.6%",75,"31",10,8,"55.56%"
"11","11","Roman Josi","NSH",31,"D","80",23,73,96,46,13,"25:32","21:27","3:23","0:42","12","11","0",2,"0","47","26","0","16","3",59,"37",0,"18","3","38.5%",0.675,2.143,2.818,"0.419","1.643","2.062","2.438","5.762","8.2",0.288,0.913,"1.2",281,"8.2%",66,"133",0,0,"0.00%"
"12","12","Artemi Panarin","NYR",30,"F","75",22,74,96,18,21,"19:12","16:13","2:59","0:00","17","5","0",5,"1","42","32","0","18","2",59,"37",0,"23","3","38.5%",0.916,3.081,3.997,"0.839","2.072","2.911","1.337","8.56","9.897",0.293,0.987,"1.28",177,"12.4%",22,"14",1,1,"50.00%"
"13","13","Kyle Connor","WPG",25,"F","79",47,46,93,4,-3,"21:46","16:59","3:23","1:23","36","8","3",9,"1","26","20","0","11","2",62,"28",3,"20","3","30.1%",1.639,1.604,3.244,"1.609","1.162","2.772","1.789","4.473","6.262",0.595,0.582,"1.177",317,"14.8%",32,"23",1,6,"14.29%"
"14","14","Mikko Rantanen","COL",25,"F","75",36,56,92,56,35,"20:58","17:02","3:54","0:01","20","16","0",2,"0","37","19","0","16","2",57,"35",0,"18","2","38.0%",1.373,2.136,3.51,"0.939","1.737","2.676","3.28","3.895","7.175",0.48,0.747,"1.227",254,"14.2%",58,"43",164,190,"46.33%"
"15","15","Patrick Kane","CHI",33,"F","78",26,66,92,18,-19,"21:49","18:00","3:47","0:01","17","9","0",2,"0","44","22","0","11","5",61,"31",0,"13","5","33.7%",0.916,2.326,3.243,"0.726","1.879","2.606","1.828","4.468","6.296",0.333,0.846,"1.179",287,"9.1%",11,"26",4,4,"50.00%"
"16","16","Alexander Ovechkin","WSH",36,"F","77",50,40,90,18,8,"20:34","15:48","4:45","0:00","33","16","1",5,"0","27","13","0","8","0",60,"29",1,"13","0","32.2%",1.894,1.515,3.409,"1.627","1.331","2.958","2.62","2.129","4.75",0.649,0.519,"1.169",334,"15.0%",155,"25",4,9,"30.77%"
"17","17","Aleksander Barkov","FLA",26,"F","67",39,49,88,18,36,"20:18","14:39","3:29","2:09","23","12","4",5,"2","34","14","1","6","3",57,"26",5,"11","5","29.5%",1.72,2.161,3.881,"1.405","2.077","3.483","3.082","3.596","6.678",0.582,0.731,"1.313",214,"18.2%",50,"42",713,539,"56.95%"
"18","18","Nathan MacKinnon","COL",26,"F","65",32,56,88,42,22,"21:03","17:20","3:40","0:03","25","7","0",5,"1","36","20","0","14","2",61,"27",0,"19","3","30.7%",1.403,2.454,3.857,"1.331","1.917","3.248","1.761","5.031","6.792",0.492,0.862,"1.354",299,"10.7%",68,"39",383,461,"45.38%"
"19","19","Nazem Kadri","COL",31,"F","71",28,59,87,71,13,"19:14","14:53","3:52","0:28","20","8","0",6,"0","38","21","0","10","2",58,"29",0,"16","2","33.3%",1.23,2.591,3.821,"1.135","2.156","3.291","1.745","4.58","6.324",0.394,0.831,"1.225",247,"11.3%",52,"19",585,592,"49.70%"
"20","20","Matt Duchene","NSH",30,"F","78",43,43,86,38,6,"19:00","15:49","3:10","0:01","27","16","0",6,"3","30","13","0","9","0",57,"29",0,"15","3","33.7%",1.74,1.74,3.479,"1.312","1.458","2.771","3.884","3.156","7.04",0.551,0.551,"1.103",228,"18.9%",31,"28",119,101,"54.09%"
"21","21","Cale Makar","COL",23,"D","77",28,58,86,26,48,"25:40","20:25","3:50","1:24","19","9","0",6,"3","33","25","0","12","1",52,"34",0,"18","4","39.5%",0.85,1.761,2.611,"0.725","1.259","1.984","1.827","5.074","6.901",0.364,0.753,"1.117",240,"11.7%",95,"110",0,0,"0.00%"
"22","22","Kevin Fiala","MIN",25,"F","82",33,52,85,52,23,"17:38","14:01","2:41","0:55","27","5","1",7,"1","40","12","0","11","6",67,"17",1,"18","7","20.0%",1.369,2.157,3.525,"1.408","2.086","3.494","1.359","3.261","4.619",0.402,0.634,"1.037",262,"12.6%",52,"21",4,11,"26.67%"
"23","23","Victor Hedman","TBL",31,"D","82",20,65,85,36,26,"25:04","19:28","3:35","2:01","14","6","0",6,"1","33","32","0","8","2",47,"38",0,"14","3","44.7%",0.584,1.897,2.48,"0.526","1.24","1.766","1.225","6.533","7.758",0.244,0.793,"1.037",219,"9.1%",93,"129",0,0,"0.00%"
"24","24","Filip Forsberg","NSH",27,"F","69",42,42,84,22,12,"18:05","14:55","3:08","0:01","32","10","0",8,"1","25","17","0","7","1",57,"27",0,"15","2","32.1%",2.018,2.018,4.036,"1.865","1.457","3.321","2.765","4.7","7.465",0.609,0.609,"1.217",226,"18.6%",112,"48",1,0,"100.00%"
"25","25","Jake Guentzel","PIT",27,"F","76",40,44,84,44,13,"20:05","16:28","3:33","0:04","33","7","0",7,"1","29","15","0","7","0",62,"22",0,"14","1","26.2%",1.571,1.728,3.3,"1.582","1.39","2.972","1.556","3.334","4.89",0.526,0.579,"1.105",264,"15.2%",72,"38",13,12,"52.00%"
"26","26","Sidney Crosby","PIT",34,"F","69",31,53,84,32,19,"19:58","16:31","3:20","0:06","23","8","0",9,"1","31","22","0","9","1",54,"30",0,"18","2","35.7%",1.35,2.307,3.657,"1.21","1.631","2.842","2.082","5.726","7.809",0.449,0.768,"1.217",208,"14.9%",50,"37",760,690,"52.41%"
"27","27","Elias Lindholm","CGY",27,"F","82",42,40,82,22,61,"19:56","14:56","2:53","2:07","31","10","1",9,"2","30","9","1","8","2",61,"19",2,"17","4","23.2%",1.541,1.467,3.008,"1.519","1.47","2.988","2.535","2.282","4.817",0.512,0.488,"1",235,"17.9%",66,"52",841,751,"52.83%"
"28","28","Vladimir Tarasenko","STL",30,"F","75",34,48,82,32,7,"16:54","14:11","2:40","0:02","29","5","0",9,"0","30","17","1","10","2",59,"22",1,"19","2","26.8%",1.608,2.271,3.879,"1.634","1.69","3.325","1.496","5.086","6.582",0.453,0.64,"1.093",230,"14.8%",83,"45",4,7,"36.36%"
"29","29","Sam Reinhart","FLA",26,"F","78",33,49,82,13,25,"17:45","13:46","3:21","0:38","17","16","0",6,"0","32","15","2","9","2",49,"31",2,"15","2","37.8%",1.429,2.122,3.551,"0.95","1.788","2.738","3.673","3.444","7.117",0.423,0.628,"1.051",186,"17.7%",49,"30",174,185,"48.47%"
"30","30","Sebastian Aho","CAR",24,"F","79",37,44,81,38,18,"18:57","14:05","2:58","1:54","23","13","1",9,"2","27","15","2","10","2",50,"28",3,"19","4","34.6%",1.483,1.763,3.246,"1.24","1.456","2.696","3.328","3.84","7.168",0.468,0.557,"1.025",221,"16.7%",76,"23",555,504,"52.41%"
"31","31","Mika Zibanejad","NYR",28,"F","81",29,52,81,12,30,"19:37","14:48","2:59","1:50","13","15","1",3,"0","35","13","4","13","2",48,"28",5,"16","2","34.6%",1.094,1.962,3.056,"0.65","1.751","2.401","3.715","3.22","6.935",0.358,0.642,"1",219,"13.2%",67,"47",698,640,"52.17%"
"32","32","Joe Pavelski","DAL",37,"F","82",27,54,81,14,11,"18:28","15:14","2:44","0:29","15","12","0",2,"0","41","13","0","12","3",56,"25",0,"14","3","30.9%",1.069,2.139,3.208,"0.72","1.969","2.689","3.208","3.475","6.683",0.329,0.659,"0.988",216,"12.5%",104,"69",394,357,"52.46%"
"33","33","William Nylander","TOR",25,"F","81",34,46,80,16,-9,"18:16","14:56","3:01","0:18","21","13","0",7,"2","28","18","0","8","3",49,"31",0,"15","5","38.8%",1.378,1.865,3.243,"1.041","1.387","2.428","3.19","4.416","7.606",0.42,0.568,"0.988",256,"13.3%",19,"30",34,31,"52.31%"
"34","34","Brad Marchand","BOS",33,"F","70",32,48,80,97,16,"19:14","14:11","3:24","1:38","23","7","2",6,"1","28","20","0","10","1",51,"27",2,"16","2","33.8%",1.425,2.138,3.563,"1.389","1.691","3.079","1.759","5.027","6.786",0.457,0.686,"1.143",242,"13.2%",78,"20",14,27,"34.15%"
"35","35","Jason Robertson","DAL",22,"F","74",41,38,79,22,16,"18:06","15:25","2:40","0:00","28","13","0",11,"2","30","8","0","4","0",58,"21",0,"15","2","26.6%",1.835,1.701,3.537,"1.471","1.576","3.047","3.94","2.424","6.364",0.554,0.514,"1.068",220,"18.6%",50,"24",0,0,"0.00%"
"36","36","Mats Zuccarello","MIN",34,"F","70",24,55,79,24,21,"18:35","15:25","3:06","0:04","17","7","0",2,"0","34","21","0","7","2",51,"28",0,"9","2","35.4%",1.107,2.536,3.643,"0.945","1.89","2.835","1.933","5.798","7.731",0.343,0.786,"1.129",159,"15.1%",36,"33",21,34,"38.18%"
"37","37","Alex DeBrincat","CHI",24,"F","82",41,37,78,19,-13,"20:51","16:35","3:37","0:38","27","14","0",6,"4","23","14","0","1","0",50,"28",0,"7","4","35.9%",1.438,1.298,2.736,"1.191","1.015","2.206","2.828","2.828","5.656",0.5,0.451,"0.951",270,"15.2%",101,"35",24,39,"38.10%"
"38","38","Evgeny Kuznetsov","WSH",29,"F","79",24,54,78,44,7,"20:16","15:25","3:44","1:07","13","8","3",4,"0","33","19","2","12","2",46,"27",5,"16","2","34.6%",0.899,2.022,2.921,"0.64","1.625","2.266","1.625","3.86","5.486",0.304,0.684,"0.987",208,"11.5%",42,"25",504,662,"43.22%"
"39","39","Chris Kreider","NYR",30,"F","81",52,25,77,24,19,"18:43","14:16","2:57","1:29","23","26","3",11,"0","16","9","0","4","0",39,"35",3,"15","0","45.5%",2.057,0.989,3.045,"1.194","0.83","2.024","6.494","2.248","8.742",0.642,0.309,"0.951",258,"20.2%",141,"39",68,69,"49.64%"
"40","40","David Pastrnak","BOS",25,"F","72",40,37,77,20,13,"18:36","15:01","3:32","0:01","25","15","0",9,"1","26","11","0","6","2",51,"26",0,"15","3","33.8%",1.792,1.657,3.449,"1.386","1.441","2.827","3.526","2.586","6.112",0.556,0.514,"1.069",312,"12.8%",63,"14",7,14,"33.33%"
"41","41","Robert Thomas","STL",22,"F","72",20,57,77,16,17,"18:46","15:08","2:02","1:35","15","3","2",6,"1","45","11","1","9","1",60,"14",3,"15","2","18.2%",0.888,2.53,3.417,"0.826","2.478","3.304","1.223","4.484","5.707",0.278,0.792,"1.069",115,"17.4%",13,"25",562,565,"49.87%"
"42","42","Timo Meier","SJS",25,"F","77",35,41,76,54,-3,"19:09","16:27","2:38","0:02","23","12","0",8,"1","35","6","0","6","1",58,"18",0,"14","2","23.7%",1.423,1.667,3.091,"1.088","1.656","2.745","3.531","1.766","5.297",0.455,0.532,"0.987",326,"10.7%",162,"61",18,19,"48.65%"
"43","43","Pavel Buchnevich","STL",26,"F","73",30,46,76,34,29,"18:18","14:27","2:14","1:35","20","8","2",3,"1","33","11","2","10","1",53,"19",4,"13","2","25.0%",1.347,2.066,3.413,"1.137","1.876","3.013","2.925","4.022","6.948",0.411,0.63,"1.041",199,"15.1%",57,"15",13,26,"33.33%"
"44","44","John Tavares","TOR",31,"F","79",27,49,76,32,-8,"18:04","15:03","2:59","0:01","17","10","0",3,"0","33","16","0","11","2",50,"26",0,"14","2","34.2%",1.135,2.06,3.194,"0.858","1.665","2.522","2.534","4.055","6.59",0.342,0.62,"0.962",237,"11.4%",90,"44",813,529,"60.58%"
"45","45","Jordan Kyrou","STL",23,"F","74",27,48,75,20,10,"16:34","14:37","1:54","0:02","22","5","0",4,"0","33","14","1","7","1",55,"19",1,"11","1","25.3%",1.321,2.348,3.668,"1.219","1.829","3.048","2.125","5.951","8.077",0.365,0.649,"1.014",188,"14.4%",6,"23",6,9,"40.00%"
"46","46","Adam Fox","NYR",23,"D","78",11,63,74,26,18,"23:54","18:48","2:57","2:08","10","0","1",2,"1","29","33","1","18","0",39,"33",2,"20","1","44.6%",0.354,2.027,2.381,"0.409","1.186","1.595","0","8.583","8.583",0.141,0.808,"0.949",158,"7.0%",30,"128",0,0,"0.00%"
"47","47","Jesper Bratt","NJD",23,"F","76",26,47,73,16,0,"17:25","14:39","2:43","0:02","23","3","0",6,"0","32","15","0","6","1",55,"18",0,"12","1","24.7%",1.178,2.129,3.307,"1.239","1.723","2.962","0.87","4.352","5.223",0.342,0.618,"0.961",197,"13.2%",26,"30",0,3,"0.00%"
"48","48","Roope Hintz","DAL",25,"F","80",37,35,72,28,15,"18:02","14:20","2:32","1:09","25","9","3",7,"1","19","15","1","10","3",44,"24",4,"17","4","33.3%",1.539,1.455,2.994,"1.307","0.994","2.301","2.663","4.438","7.101",0.463,0.438,"0.9",213,"17.4%",82,"53",357,317,"52.97%"
"49","49","John Carlson","WSH",31,"D","78",17,54,71,20,13,"23:48","18:06","3:58","1:43","10","7","0",2,"0","33","18","3","8","1",43,"25",3,"10","1","35.2%",0.549,1.745,2.294,"0.425","1.402","1.827","1.352","3.477","4.829",0.218,0.692,"0.91",195,"8.7%",73,"112",0,0,"0.00%"
"50","50","Mark Scheifele","WPG",28,"F","67",29,41,70,23,-17,"21:08","17:35","3:28","0:04","22","7","0",3,"2","29","12","0","5","0",51,"19",0,"8","2","27.1%",1.229,1.737,2.966,"1.12","1.476","2.596","1.805","3.095","4.9",0.433,0.612,"1.045",159,"18.2%",36,"47",430,418,"50.71%"
"51","51","Tyler Toffoli","CGY",30,"F","82",34,39,73,28,16,"16:36","13:06","2:54","0:36","24","10","0",4,"2","24","15","0","4","1",48,"25",0,"8","3","34.2%",1.498,1.718,3.216,"1.34","1.34","2.68","2.523","3.784","6.306",0.415,0.476,"0.89",268,"12.7%",59,"14",7,5,"58.33%"
"52","52","Jesper Bratt","NJD",24,"F","82",32,41,73,6,14,"17:22","14:32","2:47","0:01","24","8","0",3,"1","27","14","0","8","1",51,"22",0,"11","2","30.1%",1.348,1.727,3.076,"1.207","1.358","2.566","2.098","3.671","5.769",0.39,0.5,"0.89",212,"15.1%",24,"23",0,0,"0.00%"
"53","53","Brandon Montour","FLA",28,"D","80",16,57,73,107,9,"24:07","19:01","4:14","0:51","13","3","0",5,"2","27","30","0","8","0",40,"33",0,"13","2","45.2%",0.497,1.772,2.269,"0.512","1.064","1.577","0.53","5.302","5.832",0.2,0.713,"0.913",242,"6.6%",92,"93",0,0,"0.00%"
"54","54","Rasmus Dahlin","BUF",22,"D","78",15,58,73,92,12,"25:47","20:55","3:34","1:17","9","6","0",2,"0","32","26","0","9","4",41,"32",0,"11","4","43.8%",0.447,1.73,2.177,"0.331","1.176","1.507","1.289","5.587","6.877",0.192,0.744,"0.936",204,"7.4%",105,"132",0,0,"0.00%"
"55","55","Miro Heiskanen","DAL",23,"D","79",11,62,73,32,12,"25:29","20:38","3:15","1:36","9","2","0",2,"1","29","32","1","7","0",38,"34",1,"9","1","46.6%",0.328,1.847,2.175,"0.331","1.067","1.399","0.467","7.469","7.936",0.139,0.785,"0.924",206,"5.3%",49,"96",0,0,"0.00%"
"56","56","Kevin Fiala","LAK",26,"F","69",23,49,72,52,2,"17:35","14:35","2:59","0:01","16","7","0",2,"2","32","17","0","8","0",48,"24",0,"10","2","33.3%",1.137,2.422,3.558,"0.954","1.908","2.862","2.036","4.944","6.98",0.333,0.71,"1.043",208,"11.1%",53,"18",8,8,"50.00%"
"57","57","Adam Fox","NYR",24,"D","82",12,60,72,34,28,"24:22","18:41","3:34","2:06","11","1","0",5,"1","29","28","3","8","1",40,"29",3,"13","2","40.3%",0.36,1.801,2.161,"0.43","1.135","1.565","0.205","5.738","5.943",0.146,0.732,"0.878",159,"7.6%",25,"125",0,0,"0.00%"
"58","58","Martin Necas","CAR",23,"F","82",28,43,71,32,5,"18:24","14:54","3:03","0:27","19","9","0",5,"4","25","17","1","10","2",44,"26",1,"15","6","36.6%",1.113,1.709,2.822,"0.933","1.227","2.16","2.158","4.076","6.233",0.341,0.524,"0.866",240,"11.7%",57,"21",188,229,"45.08%"
"59","59","Jared McCann","SEA",26,"F","79",40,30,70,14,18,"16:20","12:41","2:39","0:59","30","7","3",3,"0","21","9","0","9","3",51,"16",3,"12","3","22.9%",1.859,1.394,3.254,"1.795","1.257","3.052","1.997","2.568","4.566",0.506,0.38,"0.886",210,"19.1%",65,"28",26,52,"33.33%"
"60","60","Bo Horvat","NYI",27,"F","79",38,32,70,18,-1,"20:39","15:41","3:30","1:27","22","12","4",5,"1","21","10","1","5","0",43,"22",5,"10","1","31.4%",1.397,1.177,2.574,"1.065","1.017","2.082","2.594","2.162","4.755",0.481,0.405,"0.886",229,"16.6%",57,"55",958,727,"56.85%"
"61","61","Mark Scheifele","WPG",29,"F","81",42,26,68,43,-16,"20:28","16:43","3:38","0:06","30","12","0",10,"2","16","10","0","7","1",46,"22",0,"17","3","32.4%",1.519,0.94,2.46,"1.329","0.709","2.038","2.437","2.031","4.468",0.519,0.321,"0.84",206,"20.4%",50,"38",579,628,"47.97%"
"62","62","Dylan Cozens","BUF",21,"F","81",31,37,68,41,-3,"16:29","12:26","2:48","1:15","24","5","2",1,"1","23","13","1","6","1",47,"18",3,"7","2","26.5%",1.392,1.661,3.053,"1.429","1.369","2.798","1.321","3.435","4.757",0.383,0.457,"0.84",211,"14.7%",55,"30",567,607,"48.30%"
"63","63","Adrian Kempe","LAK",26,"F","82",41,26,67,55,22,"18:45","14:22","2:53","1:28","27","11","3",6,"1","17","9","0","1","0",44,"20",3,"7","1","29.9%",1.599,1.014,2.614,"1.374","0.865","2.238","2.776","2.272","5.048",0.5,0.317,"0.817",250,"16.4%",119,"32",16,35,"31.37%"
"64","64","Sebastian Aho","CAR",25,"F","75",36,31,67,42,8,"19:29","14:30","3:11","1:47","26","7","3",9,"2","22","8","1","3","1",48,"15",4,"12","3","22.4%",1.477,1.272,2.749,"1.433","1.213","2.646","1.751","2.002","3.753",0.48,0.413,"0.893",218,"16.5%",59,"21",531,503,"51.35%"
"65","65","Sam Reinhart","FLA",27,"F","82",31,36,67,12,-12,"19:46","14:21","4:00","1:24","15","16","0",5,"1","22","11","3","8","1",37,"27",3,"13","2","40.3%",1.147,1.332,2.478,"0.764","1.121","1.885","2.921","2.008","4.93",0.378,0.439,"0.817",227,"13.7%",58,"49",236,230,"50.64%"
"66","66","Logan Couture","SJS",33,"F","82",27,40,67,19,-30,"19:07","13:46","2:58","2:23","21","5","1",4,"2","25","15","0","4","0",46,"20",1,"8","2","29.9%",1.033,1.53,2.562,"1.116","1.329","2.445","1.232","3.697","4.93",0.329,0.488,"0.817",198,"13.6%",128,"70",640,709,"47.44%"
"67","67","Pavel Buchnevich","STL",27,"F","63",26,41,67,36,14,"19:27","14:48","2:53","1:44","18","8","0",2,"0","26","13","2","8","1",44,"21",2,"10","1","31.3%",1.273,2.007,3.28,"1.157","1.672","2.829","2.628","4.271","6.899",0.413,0.651,"1.063",123,"21.1%",54,"23",64,150,"29.91%"
"68","68","Mats Zuccarello","MIN",35,"F","78",22,45,67,26,-3,"20:11","16:18","3:46","0:06","13","9","0",3,"1","25","20","0","6","2",38,"29",0,"9","3","43.3%",0.838,1.714,2.552,"0.613","1.179","1.792","1.831","4.069","5.901",0.282,0.577,"0.859",198,"11.1%",51,"51",24,36,"40.00%"
"69","69","Brad Marchand","BOS",34,"F","73",21,46,67,74,27,"18:31","13:36","3:24","1:29","12","9","0",4,"0","25","20","1","14","2",37,"29",1,"18","2","43.3%",0.932,2.041,2.972,"0.724","1.509","2.234","2.166","4.813","6.98",0.288,0.63,"0.918",183,"11.5%",81,"22",22,35,"38.60%"
"70","70","Timo Meier","NJD",26,"F","78",40,26,66,43,-19,"19:23","16:20","2:55","0:07","23","17","0",5,"1","20","6","0","4","2",43,"23",0,"9","3","34.8%",1.587,1.032,2.619,"1.082","0.941","2.024","4.475","1.579","6.054",0.513,0.333,"0.846",327,"12.2%",154,"37",21,36,"36.84%"
"71","71","Jack Eichel","VGK",26,"F","67",27,39,66,6,26,"18:46","15:43","2:39","0:23","25","2","0",2,"1","26","12","1","9","4",51,"14",1,"11","5","21.2%",1.288,1.861,3.149,"1.424","1.481","2.905","0.674","4.046","4.72",0.403,0.582,"0.985",223,"12.1%",59,"56",359,434,"45.27%"
"72","72","Alex DeBrincat","OTT",25,"F","82",27,39,66,45,-31,"19:00","14:53","4:04","0:02","16","11","0",6,"2","20","19","0","4","1",36,"30",0,"10","3","45.5%",1.039,1.501,2.541,"0.786","0.983","1.769","1.974","3.41","5.384",0.329,0.476,"0.805",263,"10.3%",109,"38",10,9,"52.63%"
"73","73","Nicholas Suzuki","MTL",23,"F","82",26,40,66,33,-13,"21:05","16:05","3:21","1:39","16","7","3",2,"0","30","10","0","6","1",46,"17",3,"8","1","25.8%",0.902,1.387,2.289,"0.728","1.365","2.092","1.525","2.179","3.705",0.317,0.488,"0.805",162,"16.1%",50,"56",663,738,"47.32%"
"74","74","Cale Makar","COL",24,"D","60",17,49,66,30,16,"26:22","19:37","4:00","2:43","12","5","0",6,"2","24","25","0","6","1",36,"30",0,"12","3","45.5%",0.644,1.857,2.502,"0.611","1.222","1.834","1.245","6.226","7.471",0.283,0.817,"1.1",176,"9.7%",65,"78",0,0,"0.00%"
"75","75","Dylan Strome","WSH",25,"F","81",23,42,65,24,-4,"16:41","13:39","3:00","0:01","20","3","0",2,"0","24","18","0","5","1",44,"21",0,"7","1","32.3%",1.021,1.864,2.885,"1.084","1.301","2.386","0.739","4.436","5.175",0.284,0.519,"0.802",154,"14.9%",20,"43",528,554,"48.80%"
"76","76","Trevor Zegras","ANA",21,"F","81",23,42,65,88,-24,"18:49","15:59","2:49","0:01","19","4","0",3,"2","29","13","0","3","1",48,"17",0,"6","3","26.2%",0.905,1.652,2.557,"0.88","1.344","2.224","1.049","3.41","4.459",0.284,0.519,"0.802",184,"12.5%",46,"29",237,336,"41.36%"
"77","77","Brayden Schenn","STL",31,"F","82",21,44,65,50,-27,"18:25","15:06","2:35","0:43","15","6","0",3,"1","35","9","0","8","2",50,"15",0,"11","3","23.1%",0.834,1.747,2.581,"0.727","1.695","2.422","1.694","2.541","4.235",0.256,0.537,"0.793",144,"14.6%",140,"41",472,542,"46.55%"
"78","78","Robert Thomas","STL",23,"F","73",18,47,65,22,-8,"19:20","15:08","2:59","1:12","12","5","1",2,"1","30","17","0","7","1",42,"22",1,"9","2","33.8%",0.765,1.997,2.762,"0.651","1.628","2.279","1.374","4.673","6.048",0.247,0.644,"0.89",106,"17.0%",15,"29",646,575,"52.91%"
"79","79","Chandler Stephenson","VGK",28,"F","81",16,49,65,26,12,"19:01","15:07","2:28","1:24","9","6","1",5,"0","38","9","2","10","1",47,"15",3,"15","1","23.1%",0.623,1.909,2.532,"0.441","1.861","2.302","1.793","2.689","4.481",0.198,0.605,"0.802",120,"13.3%",74,"55",675,487,"58.09%"
"80","80","Brandon Hagel","TBL",24,"F","81",30,34,64,54,23,"18:38","14:19","2:20","1:58","22","7","1",3,"0","26","6","2","5","0",48,"13",3,"8","0","20.3%",1.192,1.351,2.542,"1.138","1.345","2.482","2.207","1.892","4.099",0.37,0.42,"0.79",178,"16.9%",68,"58",23,58,"28.40%"
"81","81","Alex Killorn","TBL",33,"F","82",27,37,64,45,18,"17:12","13:11","2:07","1:53","23","3","1",5,"2","27","9","1","4","0",50,"12",2,"9","2","18.8%",1.148,1.573,2.721,"1.276","1.497","2.773","1.032","3.096","4.128",0.329,0.451,"0.78",143,"18.9%",61,"31",1,1,"50.00%"
"82","82","Elias Lindholm","CGY",28,"F","80",22,42,64,14,6,"18:39","13:27","2:53","2:17","11","10","1",2,"0","29","11","2","5","0",40,"21",3,"7","0","32.8%",0.885,1.689,2.574,"0.613","1.616","2.228","2.595","2.855","5.45",0.275,0.525,"0.8",186,"11.8%",98,"50",857,681,"55.72%"
"83","83","Vincent Trocheck","NYR",29,"F","82",22,42,64,58,3,"19:18","15:33","2:57","0:47","13","9","0",3,"0","34","8","0","10","0",47,"17",0,"13","0","26.6%",0.833,1.591,2.424,"0.611","1.599","2.21","2.224","1.977","4.2",0.268,0.512,"0.78",225,"9.8%",182,"44",721,565,"56.07%"
"84","84","Vince Dunn","SEA",26,"D","81",14,50,64,55,28,"23:40","20:15","2:49","0:35","14","0","0",2,"1","35","15","0","9","4",49,"15",0,"11","5","23.4%",0.438,1.565,2.003,"0.512","1.28","1.792","0","3.934","3.934",0.173,0.617,"0.79",149,"9.4%",115,"80",0,0,"0.00%"
"85","85","Mikhail Sergachyov","TBL",24,"D","79",10,54,64,53,13,"23:48","19:00","2:32","2:15","7","3","0",2,"0","29","24","1","14","1",36,"27",1,"16","1","42.2%",0.319,1.722,2.041,"0.28","1.159","1.438","0.894","7.15","8.044",0.127,0.684,"0.81",156,"6.4%",128,"149",0,0,"0.00%"
"86","86","Matthew Boldy","MIN",21,"F","81",31,32,63,39,1,"18:29","14:33","3:47","0:08","23","8","0",5,"1","14","18","0","9","1",37,"26",0,"14","2","41.3%",1.241,1.281,2.523,"1.17","0.712","1.882","1.562","3.515","5.078",0.383,0.395,"0.778",255,"12.2%",65,"26",77,64,"54.61%"
"87","87","Pierre-Luc Dubois","WPG",24,"F","73",27,36,63,77,5,"18:27","14:45","3:36","0:04","16","11","0",1,"0","24","12","0","9","3",40,"23",0,"10","3","36.5%",1.203,1.604,2.806,"0.891","1.336","2.227","2.5","2.728","5.228",0.37,0.493,"0.863",205,"13.2%",71,"47",483,505,"48.89%"
"88","88","Tomas Hertl","SJS",29,"F","79",22,41,63,42,-36,"19:16","16:00","3:02","0:13","16","6","0",1,"0","25","16","0","4","2",41,"22",0,"5","2","34.9%",0.867,1.615,2.482,"0.759","1.186","1.944","1.495","3.986","5.481",0.278,0.519,"0.797",183,"12.0%",91,"57",792,653,"54.81%"
"89","89","Jordan Eberle","SEA",32,"F","82",20,43,63,34,6,"16:41","14:10","2:30","0:00","17","3","0",4,"1","31","12","0","9","2",48,"15",0,"13","3","23.8%",0.877,1.886,2.763,"0.878","1.601","2.479","0.877","3.506","4.383",0.244,0.524,"0.768",177,"11.3%",44,"25",34,43,"44.16%"
"90","90","Drake Batherson","OTT",24,"F","82",22,40,62,33,-35,"18:36","14:41","3:52","0:02","8","14","0",2,"0","25","15","0","4","0",33,"29",0,"6","0","46.8%",0.865,1.573,2.438,"0.398","1.245","1.643","2.647","2.837","5.484",0.268,0.488,"0.756",249,"8.8%",115,"35",13,25,"34.21%"
"91","91","Travis Konecny","PHI",25,"F","60",31,30,61,77,-12,"20:06","15:19","2:56","1:50","23","5","3",5,"0","17","10","3","2","1",40,"15",6,"7","1","24.6%",1.541,1.491,3.032,"1.501","1.109","2.61","1.697","3.394","5.091",0.517,0.5,"1.017",191,"16.2%",55,"38",28,32,"46.67%"
"92","92","Troy Terry","ANA",25,"F","70",23,38,61,22,-8,"19:22","16:26","2:46","0:09","18","5","0",3,"1","31","7","0","3","1",49,"12",0,"6","2","19.7%",1.018,1.682,2.7,"0.939","1.617","2.555","1.545","2.164","3.709",0.329,0.543,"0.871",188,"12.2%",12,"23",2,0,"100.00%"
"93","93","Joel Eriksson Ek","MIN",25,"F","78",23,38,61,44,4,"18:59","13:31","3:24","2:03","9","12","2",1,"0","26","11","1","3","0",35,"23",3,"4","0","37.7%",0.931,1.539,2.47,"0.512","1.479","1.99","2.713","2.487","5.201",0.295,0.487,"0.782",247,"9.3%",119,"55",684,702,"49.35%"
"94","94","Brent Burns","CAR",37,"D","82",18,43,61,44,19,"23:12","18:06","3:00","2:05","14","4","0",2,"1","24","19","0","12","4",38,"23",0,"14","5","37.7%",0.567,1.355,1.923,"0.566","0.97","1.535","0.974","4.627","5.601",0.22,0.524,"0.744",255,"7.1%",40,"86",1,0,"100.00%"
"95","95","Rickard Rakell","PIT",29,"F","82",28,32,60,16,-5,"18:26","15:08","3:17","0:00","17","11","0",2,"0","22","10","0","6","2",39,"21",0,"8","2","35.0%",1.111,1.27,2.381,"0.822","1.063","1.885","2.446","2.224","4.67",0.341,0.39,"0.732",244,"11.5%",141,"53",10,11,"47.62%"
"96","96","Viktor Arvidsson","LAK",29,"F","77",26,33,59,24,-4,"17:05","14:48","2:14","0:02","15","10","1",2,"0","18","15","0","7","1",33,"25",1,"9","1","42.4%",1.185,1.504,2.689,"0.79","0.947","1.737","3.472","5.207","8.679",0.338,0.429,"0.766",228,"11.4%",25,"48",27,40,"40.30%"
"97","97","Roman Josi","NSH",32,"D","67",18,41,59,36,5,"25:10","20:51","3:22","0:55","10","8","0",5,"1","25","16","0","7","1",35,"24",0,"12","2","40.7%",0.64,1.459,2.099,"0.429","1.073","1.502","2.122","4.245","6.367",0.269,0.612,"0.881",269,"6.7%",51,"146",0,0,"0.00%"
"98","98","Casey Mittelstadt","BUF",24,"F","82",15,44,59,22,-8,"15:43","13:17","2:05","0:20","10","4","1",2,"1","32","12","0","3","1",42,"16",1,"5","2","27.1%",0.698,2.047,2.745,"0.55","1.761","2.312","1.399","4.198","5.597",0.183,0.537,"0.72",135,"11.1%",30,"16",338,398,"45.92%"
"99","99","Patrice Bergeron","BOS",37,"F","78",27,31,58,22,35,"17:23","12:13","3:23","1:46","16","9","2",7,"0","21","10","0","7","3",37,"19",2,"14","3","32.8%",1.194,1.371,2.565,"1.006","1.321","2.327","2.044","2.272","4.316",0.346,0.397,"0.744",249,"10.8%",66,"54",1043,663,"61.14%"
"100","100","Nick Schmaltz","ARI",26,"F","63",22,36,58,20,4,"19:42","16:04","2:58","0:39","16","6","0",2,"0","29","6","1","4","1",45,"12",1,"6","1","20.7%",1.063,1.74,2.803,"0.948","1.719","2.667","1.921","1.921","3.842",0.349,0.571,"0.921",132,"16.7%",12,"28",40,60,"40.00%"
"101","101","Jonathan Marchessault","VGK",32,"F","76",28,29,57,21,2,"17:08","14:50","2:18","0:00","19","9","0",4,"1","22","7","0","2","2",41,"16",0,"6","3","28.1%",1.29,1.336,2.625,"1.011","1.171","2.182","3.083","2.398","5.482",0.368,0.382,"0.75",238,"11.8%",76,"17",21,35,"37.50%"
"102","102","Matthew Beniers","SEA",20,"F","80",24,33,57,2,14,"17:05","14:26","2:20","0:18","20","4","0",4,"1","26","6","1","9","1",46,"10",1,"13","2","17.5%",1.053,1.448,2.501,"1.038","1.35","2.388","1.283","1.924","3.207",0.3,0.413,"0.713",148,"16.2%",79,"48",409,560,"42.21%"
"103","103","Patrick Kane","NYR",34,"F","73",21,36,57,16,-22,"19:18","15:52","3:25","0:00","17","4","0",1,"0","18","18","0","2","0",35,"22",0,"3","0","38.6%",0.894,1.532,2.426,"0.88","0.932","1.812","0.961","4.326","5.288",0.288,0.493,"0.781",227,"9.3%",13,"19",1,1,"50.00%"
"104","104","Pavel Zacha","BOS",25,"F","82",21,36,57,16,26,"16:03","13:03","1:42","1:17","18","3","0",3,"0","30","5","1","12","1",48,"8",1,"15","1","14.0%",0.957,1.641,2.598,"1.009","1.681","2.69","1.283","2.138","3.421",0.256,0.439,"0.695",131,"16.0%",67,"21",134,162,"45.27%"
"105","105","Dawson Mercer","NJD",21,"F","82",27,29,56,14,22,"16:33","13:56","1:19","1:18","24","2","1",6,"1","20","8","1","1","0",44,"10",2,"7","1","17.9%",1.193,1.281,2.474,"1.26","1.05","2.309","1.11","4.44","5.55",0.329,0.354,"0.683",161,"16.8%",36,"63",70,95,"42.42%"
"106","106","Reilly Smith","VGK",31,"F","78",26,30,56,16,11,"16:58","13:39","2:01","1:18","16","6","4",4,"1","26","4","0","4","0",42,"10",4,"8","1","17.9%",1.179,1.36,2.538,"0.902","1.465","2.367","2.285","1.524","3.809",0.333,0.385,"0.718",182,"14.3%",69,"32",4,3,"57.14%"
"107","107","David Perron","DET",34,"F","82",24,32,56,52,-7,"16:55","13:30","3:24","0:00","18","6","0",3,"0","16","16","0","6","1",34,"22",0,"9","1","39.3%",1.038,1.384,2.422,"0.974","0.866","1.841","1.291","3.443","4.735",0.293,0.39,"0.683",195,"12.3%",107,"24",2,9,"18.18%"
"108","108","Nazem Kadri","CGY",32,"F","82",24,32,56,56,-19,"17:12","14:10","2:55","0:07","13","11","0",4,"0","24","8","0","7","0",37,"19",0,"11","0","33.9%",1.02,1.361,2.381,"0.671","1.239","1.91","2.757","2.005","4.763",0.293,0.39,"0.683",267,"9.0%",99,"31",586,648,"47.49%"
"109","109","Matt Duchene","NSH",31,"F","71",22,34,56,32,4,"18:19","15:20","2:57","0:00","17","5","0",3,"1","26","8","0","7","2",43,"13",0,"10","3","23.2%",1.015,1.568,2.583,"0.936","1.432","2.368","1.426","2.281","3.707",0.31,0.479,"0.789",168,"13.1%",27,"32",137,122,"52.90%"
"110","110","Max Domi","DAL",27,"F","80",20,36,56,82,-15,"17:46","14:46","2:58","0:01","12","8","0",4,"2","25","11","0","4","1",37,"19",0,"8","3","33.9%",0.844,1.519,2.363,"0.609","1.269","1.878","2.016","2.771","4.787",0.25,0.45,"0.7",179,"11.2%",22,"24",510,440,"53.68%"
"111","111","Mikael Backlund","CGY",33,"F","82",19,37,56,36,24,"18:09","14:05","1:55","2:08","13","5","1",2,"1","27","7","3","5","1",40,"12",4,"7","2","21.4%",0.765,1.491,2.256,"0.675","1.402","2.077","1.902","2.662","4.564",0.232,0.451,"0.683",260,"7.3%",97,"31",705,681,"50.87%"
"112","112","David Krejc√≠","BOS",36,"F","70",16,40,56,20,23,"17:11","14:24","2:39","0:07","12","4","0",2,"0","32","8","0","10","1",44,"12",0,"12","1","21.4%",0.798,1.994,2.792,"0.714","1.904","2.617","1.289","2.579","3.868",0.229,0.571,"0.8",112,"14.3%",41,"38",351,389,"47.43%"
"113","113","Andrei Svechnikov","CAR",22,"F","64",23,32,55,71,6,"18:02","14:52","3:08","0:01","18","5","0",4,"0","21","11","0","8","3",39,"16",0,"12","3","29.1%",1.195,1.662,2.857,"1.134","1.324","2.458","1.49","3.279","4.769",0.359,0.5,"0.859",205,"11.2%",140,"17",4,5,"44.44%"
"114","114","Brock Boeser","VAN",25,"F","74",18,37,55,24,-20,"17:14","14:21","2:51","0:00","12","6","0",3,"0","27","10","0","5","0",39,"16",0,"8","0","29.1%",0.846,1.74,2.586,"0.677","1.524","2.202","1.697","2.829","4.527",0.243,0.5,"0.743",178,"10.1%",49,"32",22,35,"38.60%"
"115","115","Blake Wheeler","WPG",36,"F","72",16,39,55,46,-3,"17:02","13:53","2:44","0:24","9","7","0",6,"1","31","8","0","5","1",40,"15",0,"11","2","27.3%",0.782,1.907,2.689,"0.54","1.86","2.4","2.128","2.432","4.56",0.222,0.542,"0.764",126,"12.7%",54,"35",65,61,"51.59%"
"116","116","Jonathan Huberdeau","CGY",29,"F","79",15,40,55,36,2,"16:51","13:51","2:51","0:08","11","4","0",1,"0","29","11","0","7","2",40,"15",0,"8","2","27.3%",0.676,1.801,2.477,"0.603","1.59","2.193","1.061","2.918","3.978",0.19,0.506,"0.696",126,"11.9%",65,"27",5,10,"33.33%"
"117","117","Tyson Barrie","NSH",31,"D","85",13,42,55,36,-7,"19:46","16:05","3:05","0:35","9","4","0",1,"0","14","27","1","1","1",23,"31",1,"2","1","56.4%",0.464,1.499,1.963,"0.395","0.614","1.009","0.912","6.155","7.067",0.153,0.494,"0.647",163,"8.0%",55,"90",0,0,"0.00%"
"118","118","Evgeny Kuznetsov","WSH",30,"F","81",12,43,55,56,-26,"18:03","14:00","2:48","1:14","7","5","0",2,"1","30","13","0","7","1",37,"18",0,"9","2","32.7%",0.492,1.764,2.256,"0.37","1.586","1.956","1.318","3.427","4.745",0.148,0.531,"0.679",172,"7.0%",43,"29",508,561,"47.52%"
"119","119","Chris Kreider","NYR",31,"F","79",36,18,54,26,21,"18:24","13:19","3:26","1:38","24","8","4",3,"1","9","9","0","4","0",33,"17",4,"7","1","31.5%",1.485,0.742,2.227,"1.368","0.513","1.882","1.765","1.985","3.75",0.456,0.228,"0.684",229,"15.7%",128,"24",38,46,"45.24%"
"120","120","Kevin Hayes","PHI",30,"F","81",18,36,54,23,-22,"17:33","14:47","2:37","0:08","12","6","0",1,"0","26","10","0","4","0",38,"16",0,"5","0","29.6%",0.759,1.518,2.277,"0.601","1.302","1.903","1.692","2.819","4.511",0.222,0.444,"0.667",209,"8.6%",52,"22",334,342,"49.41%"
"121","121","Phillip Danault","LAK",29,"F","82",18,36,54,63,-8,"18:19","14:30","2:03","1:44","15","3","0",1,"1","17","17","2","7","1",32,"20",2,"8","2","37.0%",0.719,1.437,2.156,"0.756","0.857","1.613","1.063","6.021","7.084",0.22,0.439,"0.659",152,"11.8%",81,"75",692,581,"54.36%"
"122","122","Alex Pietrangelo","VGK",32,"D","73",11,43,54,16,13,"23:58","19:17","2:26","2:14","10","1","0",3,"1","28","13","2","9","1",38,"14",2,"12","2","25.9%",0.377,1.474,1.851,"0.426","1.193","1.619","0.337","4.381","4.718",0.151,0.589,"0.74",171,"6.4%",65,"177",1,0,"100.00%"
"123","123","William Karlsson","VGK",29,"F","82",14,39,53,10,14,"17:28","14:15","1:41","1:31","10","2","2",2,"0","29","7","3","7","1",39,"9",5,"9","1","17.0%",0.586,1.634,2.22,"0.513","1.489","2.002","0.867","3.033","3.899",0.171,0.476,"0.646",160,"8.8%",50,"49",632,510,"55.34%"
"124","124","Hampus Lindholm","BOS",28,"D","80",10,43,53,56,49,"23:11","18:28","2:26","2:16","9","1","0",2,"1","27","16","0","7","1",36,"17",0,"9","2","32.1%",0.323,1.391,1.714,"0.365","1.096","1.461","0.308","4.931","5.239",0.125,0.538,"0.663",158,"6.3%",78,"100",0,0,"0.00%"
"125","125","Patrik Laine","CBJ",24,"F","55",22,30,52,16,-12,"19:07","15:45","3:21","0:00","14","8","0",1,"0","22","8","0","3","2",36,"16",0,"4","2","30.8%",1.255,1.712,2.967,"0.969","1.522","2.491","2.605","2.605","5.21",0.4,0.545,"0.945",184,"12.0%",27,"27",28,52,"35.00%"
"126","126","J.T. Compher","COL",27,"F","82",17,35,52,33,8,"20:32","15:38","2:46","2:07","12","5","0",3,"0","26","9","0","5","2",38,"14",0,"8","2","26.9%",0.606,1.247,1.852,"0.561","1.216","1.778","1.319","2.375","3.694",0.207,0.427,"0.634",154,"11.0%",37,"82",813,852,"48.83%"
"127","127","Drew Doughty","LAK",33,"D","81",9,43,52,34,12,"26:13","20:48","3:05","2:19","5","4","0",2,"0","20","23","0","7","0",25,"27",0,"9","0","51.9%",0.254,1.214,1.469,"0.178","0.712","0.89","0.958","5.508","6.466",0.111,0.531,"0.642",145,"6.2%",115,"104",0,0,"0.00%"
"128","128","Charlie McAvoy","BOS",25,"D","67",7,45,52,54,29,"22:18","17:32","2:42","2:03","5","2","0",2,"1","28","17","0","8","1",33,"19",0,"10","2","36.5%",0.281,1.807,2.088,"0.255","1.429","1.684","0.663","5.633","6.296",0.104,0.672,"0.776",105,"6.7%",84,"131",0,0,"0.00%"
"129","129","Artturi Lehkonen","COL",27,"F","64",21,30,51,28,8,"20:27","15:23","3:31","1:31","12","8","1",3,"1","18","12","0","6","0",30,"20",1,"9","1","39.2%",0.963,1.375,2.338,"0.731","1.096","1.827","2.124","3.186","5.31",0.328,0.469,"0.797",150,"14.0%",93,"43",4,19,"17.39%"
"130","130","Mathew Barzal","NYI",25,"F","58",14,37,51,22,5,"18:42","15:13","3:28","0:00","10","4","0",5,"1","22","15","0","5","1",32,"19",0,"10","2","37.3%",0.774,2.045,2.819,"0.679","1.495","2.174","1.191","4.465","5.656",0.241,0.638,"0.879",139,"10.1%",25,"34",104,188,"35.62%"
"131","131","Anders Lee","NYI",32,"F","82",28,22,50,50,-3,"17:13","14:07","3:04","0:00","22","6","0",4,"0","14","8","0","0","0",36,"14",0,"4","0","28.0%",1.19,0.935,2.124,"1.139","0.725","1.864","1.424","1.899","3.324",0.341,0.268,"0.61",214,"13.1%",125,"57",27,23,"54.00%"
"132","132","Jake DeBrusk","BOS",26,"F","64",27,23,50,16,26,"16:46","12:27","2:56","1:22","21","6","0",6,"0","14","8","1","3","0",35,"14",1,"9","0","28.0%",1.509,1.285,2.794,"1.58","1.053","2.633","1.91","2.547","4.458",0.422,0.359,"0.781",191,"14.1%",85,"22",4,11,"26.67%"
"133","133","Tyler Seguin","DAL",30,"F","76",21,29,50,24,3,"16:37","13:27","2:10","0:59","13","7","1",3,"1","24","4","1","5","0",37,"11",2,"8","1","22.0%",0.998,1.378,2.375,"0.763","1.408","2.17","2.551","1.457","4.008",0.276,0.382,"0.658",189,"11.1%",84,"23",476,394,"54.71%"
"134","134","Vladimir Tarasenko","NYR",31,"F","69",18,32,50,8,-14,"16:48","14:21","2:25","0:01","14","3","1",1,"1","21","11","0","4","2",35,"14",1,"5","3","28.0%",0.932,1.656,2.588,"0.848","1.272","2.12","1.074","3.938","5.012",0.261,0.464,"0.725",169,"10.7%",75,"36",0,2,"0.00%"
"135","135","Justin Faulk","STL",30,"D","82",11,39,50,34,-4,"23:22","19:09","2:20","1:52","9","2","0",3,"1","31","8","0","2","2",40,"10",0,"5","3","20.0%",0.344,1.221,1.565,"0.344","1.184","1.527","0.624","2.497","3.122",0.134,0.476,"0.61",196,"5.6%",112,"140",0,0,"0.00%"
"136","136","Devon Toews","COL",28,"D","80",7,43,50,26,39,"25:06","19:57","2:01","3:06","6","1","0",0,"0","37","6","0","8","5",43,"7",0,"8","5","14.0%",0.209,1.285,1.494,"0.225","1.39","1.616","0.369","2.217","2.586",0.088,0.538,"0.625",165,"4.2%",93,"138",0,0,"0.00%"
"137","137","Owen Tippett","PHI",23,"F","77",27,22,49,16,-17,"17:25","14:41","2:21","0:23","19","8","0",4,"1","18","4","0","6","1",37,"12",0,"10","2","24.5%",1.207,0.984,2.191,"1.008","0.955","1.963","2.65","1.325","3.975",0.351,0.286,"0.636",231,"11.7%",125,"69",19,11,"63.33%"
"138","138","Michael Bunting","TOR",27,"F","82",23,26,49,103,21,"15:47","13:58","1:49","0:00","16","7","0",4,"0","23","3","0","5","0",39,"10",0,"9","0","20.4%",1.065,1.204,2.27,"0.838","1.204","2.042","2.815","1.206","4.021",0.28,0.317,"0.598",174,"13.2%",85,"18",1,1,"50.00%"
"139","139","Noah Dobson","NYI",22,"D","78",13,36,49,20,4,"20:22","16:37","3:18","0:27","8","5","0",2,"1","22","14","0","5","1",30,"19",0,"7","2","38.8%",0.491,1.359,1.849,"0.37","1.018","1.389","1.165","3.262","4.427",0.167,0.462,"0.628",206,"6.3%",60,"104",0,0,"0.00%"
"140","140","Matias Maccelli","ARI",22,"F","64",11,38,49,18,0,"15:40","13:25","1:56","0:18","10","1","0",1,"0","26","12","0","7","3",36,"13",0,"8","3","26.5%",0.658,2.272,2.929,"0.698","1.815","2.513","0.482","5.784","6.266",0.172,0.594,"0.766",61,"18.0%",24,"20",0,7,"0.00%"
"141","141","Rasmus Andersson","CGY",26,"D","79",11,38,49,26,5,"24:05","18:52","2:56","2:16","9","1","1",4,"1","17","20","1","7","2",26,"21",2,"11","3","42.9%",0.347,1.198,1.545,"0.362","0.684","1.046","0.259","5.178","5.437",0.139,0.481,"0.62",159,"6.9%",50,"136",0,0,"0.00%"
"142","142","Victor Hedman","TBL",32,"D","76",9,40,49,42,10,"23:43","19:18","2:35","1:48","7","1","1",1,"0","25","13","2","3","0",32,"14",3,"4","0","28.6%",0.3,1.331,1.631,"0.286","1.022","1.308","0.304","3.955","4.26",0.118,0.526,"0.645",185,"4.9%",95,"136",0,0,"0.00%"
"143","143","Jason Zucker","PIT",30,"F","78",27,21,48,47,-4,"15:39","14:02","1:36","0:00","25","2","0",5,"1","14","7","0","2","0",39,"9",0,"7","1","18.8%",1.327,1.032,2.358,"1.369","0.767","2.136","0.956","3.346","4.302",0.346,0.269,"0.615",197,"13.7%",197,"29",4,11,"26.67%"
"144","144","Tomas Tatar","NJD",32,"F","82",20,28,48,30,41,"15:07","13:28","1:38","0:00","19","1","0",1,"0","25","3","0","4","0",44,"4",0,"5","0","8.3%",0.968,1.355,2.323,"1.032","1.357","2.389","0.446","1.339","1.786",0.244,0.341,"0.585",153,"13.1%",65,"30",17,26,"39.53%"
"145","145","Yanni Gourde","SEA",31,"F","81",14,34,48,76,23,"17:08","14:29","0:34","2:03","10","3","1",2,"1","33","1","0","2","0",43,"4",1,"4","1","8.3%",0.605,1.47,2.075,"0.511","1.686","2.197","3.864","1.288","5.152",0.173,0.42,"0.593",141,"9.9%",118,"54",483,489,"49.69%"
"146","146","Cam Fowler","ANA",31,"D","82",10,38,48,14,-23,"24:10","19:39","2:32","1:58","6","4","0",1,"0","28","10","0","3","1",34,"14",0,"4","1","29.2%",0.303,1.15,1.453,"0.223","1.042","1.265","1.153","2.882","4.034",0.122,0.463,"0.585",130,"7.7%",18,"104",0,0,"0.00%"
"147","147","Valeri Nichushkin","COL",27,"F","53",17,30,47,2,15,"20:16","14:55","3:33","1:46","6","10","1",2,"0","22","6","2","5","1",28,"16",3,"7","1","34.0%",0.949,1.675,2.625,"0.455","1.668","2.123","3.176","1.905","5.081",0.321,0.566,"0.887",158,"10.8%",54,"37",0,4,"0.00%"
"148","148","Alexander Barabanov","SJS",28,"F","68",15,32,47,20,-30,"18:03","15:16","2:45","0:01","12","3","0",2,"0","22","10","0","5","0",34,"13",0,"7","0","27.7%",0.733,1.564,2.297,"0.693","1.271","1.964","0.959","3.197","4.156",0.221,0.471,"0.691",120,"12.5%",40,"37",1,2,"33.33%"
"149","149","Daniel Sprong","SEA",25,"F","66",21,25,46,14,13,"11:25","9:29","1:55","0:00","15","6","0",3,"0","17","8","0","3","0",32,"14",0,"6","0","30.4%",1.672,1.99,3.662,"1.437","1.629","3.066","2.828","3.771","6.599",0.318,0.379,"0.697",147,"14.3%",33,"17",2,3,"40.00%"
"150","150","Bryan Rust","PIT",30,"F","81",20,26,46,31,-4,"17:53","14:08","2:10","1:35","18","2","0",2,"1","16","9","1","4","0",34,"11",1,"6","1","23.9%",0.828,1.076,1.904,"0.943","0.839","1.782","0.683","3.073","3.756",0.247,0.321,"0.568",211,"9.5%",98,"50",5,5,"50.00%"
"151","151","Marcus Johansson","MIN",32,"F","80",19,27,46,8,3,"16:29","12:57","2:47","0:44","12","5","2",7,"1","14","13","0","4","2",26,"18",2,"11","3","39.1%",0.864,1.228,2.092,"0.694","0.81","1.504","1.347","3.502","4.85",0.238,0.338,"0.575",137,"13.9%",26,"23",23,29,"44.23%"
"152","152","Morgan Frost","PHI",23,"F","81",19,27,46,24,-12,"16:20","13:58","2:09","0:12","18","1","0",3,"0","23","4","0","2","0",41,"5",0,"5","0","10.9%",0.861,1.224,2.085,"0.954","1.219","2.173","0.342","1.368","1.71",0.235,0.333,"0.568",155,"12.3%",85,"53",436,515,"45.85%"
"153","153","Conor Garland","VAN",26,"F","81",17,29,46,31,-5,"15:06","13:32","1:32","0:01","15","2","0",2,"1","19","10","0","3","0",34,"12",0,"5","1","26.1%",0.833,1.421,2.255,"0.82","1.039","1.859","0.957","4.783","5.739",0.21,0.358,"0.568",167,"10.2%",47,"20",3,11,"21.43%"
"154","154","Boone Jenner","CBJ",29,"F","68",26,19,45,51,-32,"20:12","16:25","3:04","0:42","19","7","0",3,"1","15","4","0","0","0",34,"11",0,"3","1","24.4%",1.135,0.83,1.965,"1.021","0.806","1.827","2.005","1.146","3.15",0.382,0.279,"0.662",214,"12.2%",129,"70",758,628,"54.69%"
"155","155","Lawson Crouse","ARI",25,"F","77",24,21,45,35,-3,"17:45","13:46","1:43","2:15","18","6","0",3,"0","19","2","0","3","0",37,"8",0,"6","0","17.8%",1.053,0.922,1.975,"1.019","1.075","2.094","2.704","0.901","3.605",0.312,0.273,"0.584",151,"15.9%",194,"58",33,49,"40.24%"
"156","156","Filip Chytil","NYR",23,"F","74",22,23,45,30,15,"14:41","13:16","1:22","0:02","19","3","0",4,"1","21","2","0","3","1",40,"5",0,"7","2","11.1%",1.215,1.27,2.485,"1.161","1.283","2.444","1.77","1.18","2.951",0.297,0.311,"0.608",177,"12.4%",36,"38",251,380,"39.78%"
"157","157","Oliver Bjorkstrand","SEA",27,"F","81",20,25,45,16,-1,"15:37","13:16","2:20","0:00","15","5","0",1,"1","20","5","0","1","1",35,"10",0,"2","2","22.2%",0.948,1.185,2.134,"0.837","1.116","1.953","1.582","1.582","3.163",0.247,0.309,"0.556",198,"10.1%",63,"38",18,41,"30.51%"
"158","158","Dominik Kubalik","DET",27,"F","81",20,25,45,24,-15,"14:54","12:26","2:26","0:02","13","7","0",3,"1","15","10","0","5","0",28,"17",0,"8","1","37.8%",0.993,1.242,2.235,"0.774","0.893","1.667","2.131","3.044","5.175",0.247,0.309,"0.556",174,"11.5%",89,"26",17,18,"48.57%"
"159","159","Dillon Dube","CGY",24,"F","82",18,27,45,47,-6,"15:09","12:33","1:21","1:14","15","1","2",3,"1","24","3","0","4","0",39,"4",2,"7","1","8.9%",0.869,1.303,2.172,"0.874","1.398","2.271","0.539","1.617","2.155",0.22,0.329,"0.549",151,"11.9%",136,"21",45,55,"45.00%"
"160","160","Lucas Raymond","DET",20,"F","74",17,28,45,24,-17,"17:22","14:22","2:58","0:01","12","5","0",4,"0","14","14","0","0","0",26,"19",0,"4","0","42.2%",0.793,1.307,2.1,"0.677","0.79","1.467","1.365","3.823","5.188",0.23,0.378,"0.608",134,"12.7%",43,"20",5,12,"29.41%"
"161","161","Charlie Coyle","BOS",30,"F","82",16,29,45,30,29,"16:59","13:44","0:40","2:34","15","0","1",0,"0","25","0","4","3","1",40,"0",5,"3","1","0.0%",0.689,1.249,1.938,"0.799","1.331","2.13","0","0","0",0.195,0.354,"0.549",139,"11.5%",68,"63",536,483,"52.60%"
"162","162","Ivan Barbashev","VGK",27,"F","82",16,29,45,42,1,"16:45","14:03","1:55","0:46","14","2","0",2,"0","25","3","1","2","0",39,"5",1,"4","0","11.1%",0.699,1.266,1.965,"0.729","1.301","2.03","0.762","1.143","1.905",0.195,0.354,"0.549",125,"12.8%",182,"45",55,89,"38.19%"
"163","163","Jack Roslovic","CBJ",25,"F","77",11,33,44,10,-14,"16:26","12:37","2:10","1:38","7","2","2",2,"1","25","7","1","6","0",32,"9",3,"8","1","20.5%",0.521,1.564,2.085,"0.432","1.543","1.974","0.714","2.501","3.215",0.143,0.429,"0.571",123,"8.9%",42,"53",400,489,"44.99%"
"164","164","Barrett Hayton","ARI",22,"F","82",19,24,43,42,-5,"17:29","13:46","2:18","1:24","15","4","0",4,"2","17","6","1","3","1",32,"10",1,"7","3","23.3%",0.795,1.004,1.798,"0.797","0.903","1.7","1.268","1.902","3.17",0.232,0.293,"0.524",178,"10.7%",83,"33",628,602,"51.06%"
"165","165","Scott Laughton","PHI",28,"F","78",18,25,43,50,-9,"18:17","14:21","1:44","2:11","10","5","3",0,"0","17","4","4","5","0",27,"9",7,"5","0","20.9%",0.757,1.052,1.809,"0.536","0.911","1.447","2.204","1.763","3.968",0.231,0.321,"0.551",170,"10.6%",156,"57",509,568,"47.26%"
"166","166","Jesperi Kotkaniemi","CAR",22,"F","82",18,25,43,50,10,"14:44","12:45","1:49","0:08","14","3","1",2,"0","17","8","0","5","0",31,"11",1,"7","0","25.6%",0.894,1.241,2.135,"0.803","0.975","1.777","1.198","3.195","4.393",0.22,0.305,"0.524",129,"14.0%",105,"21",360,340,"51.43%"
"167","167","Thomas Novak","NSH",25,"F","51",17,26,43,8,5,"14:39","12:08","2:30","0:00","12","5","0",3,"1","19","7","0","6","1",31,"12",0,"9","2","27.9%",1.365,2.087,3.452,"1.163","1.841","3.004","2.351","3.292","5.643",0.333,0.51,"0.843",93,"18.3%",9,"23",179,223,"44.53%"
"168","168","Mason McTavish","ANA",19,"F","80",17,26,43,44,-19,"15:22","12:48","2:31","0:02","10","7","0",1,"0","19","7","0","3","1",29,"14",0,"4","1","32.6%",0.829,1.268,2.098,"0.585","1.112","1.698","2.079","2.079","4.157",0.213,0.325,"0.538",161,"10.6%",55,"37",307,418,"42.34%"
"169","169","Andrew Mangiapane","CGY",26,"F","82",17,26,43,40,12,"16:49","13:39","2:04","1:05","15","2","0",1,"0","22","2","2","3","1",37,"4",2,"4","1","9.3%",0.739,1.131,1.87,"0.804","1.179","1.983","0.703","0.703","1.406",0.207,0.317,"0.524",182,"9.3%",86,"26",5,9,"35.71%"
"170","170","Eetu Luostarinen","FLA",24,"F","82",17,26,43,28,19,"15:59","12:45","0:53","2:20","15","2","0",1,"0","22","3","1","6","1",37,"5",1,"7","1","11.6%",0.778,1.19,1.968,"0.86","1.262","2.122","1.651","2.476","4.127",0.207,0.317,"0.524",132,"12.9%",64,"51",175,243,"41.87%"
"171","171","Darnell Nurse","EDM",27,"D","82",12,31,43,64,26,"23:29","19:40","0:55","2:54","10","0","2",4,"1","29","1","1","6","2",39,"1",3,"10","3","2.3%",0.374,0.965,1.339,"0.372","1.079","1.451","0","0.79","0.79",0.146,0.378,"0.524",203,"5.9%",146,"164",0,0,"0.00%"
"172","172","K'Andre Miller","NYR",22,"D","79",9,34,43,47,12,"21:57","19:31","0:31","1:53","9","0","0",2,"0","29","3","2","7","1",38,"3",2,"9","1","7.0%",0.311,1.176,1.488,"0.35","1.128","1.478","0","4.287","4.287",0.114,0.43,"0.544",113,"8.0%",162,"105",0,0,"0.00%"
"173","173","Filip Forsberg","NSH",28,"F","50",19,23,42,20,-4,"17:28","14:21","3:05","0:01","15","4","0",2,"0","14","9","0","2","0",29,"13",0,"4","0","31.0%",1.305,1.58,2.885,"1.254","1.171","2.425","1.55","3.487","5.037",0.38,0.46,"0.84",157,"12.1%",86,"20",0,1,"0.00%"
"174","174","Anthony DeAngelo","PHI",27,"D","70",11,31,42,73,-27,"22:03","17:51","3:08","1:03","7","4","0",1,"1","16","15","0","0","0",23,"19",0,"1","1","45.2%",0.427,1.205,1.632,"0.336","0.768","1.104","1.089","4.085","5.175",0.157,0.443,"0.6",174,"6.3%",52,"79",0,0,"0.00%"
"175","175","Andrew Copp","DET",28,"F","82",9,33,42,25,2,"18:09","13:58","1:42","2:27","7","1","1",2,"1","29","4","0","5","1",36,"5",1,"7","2","11.9%",0.363,1.33,1.693,"0.366","1.518","1.885","0.426","1.706","2.132",0.11,0.402,"0.512",120,"7.5%",32,"45",647,652,"49.81%"
"176","176","Erik Gustafsson","TOR",30,"D","70",7,35,42,23,9,"19:46","17:21","2:15","0:09","7","0","0",2,"0","21","14","0","7","3",28,"14",0,"9","3","33.3%",0.303,1.517,1.821,"0.346","1.037","1.383","0","5.33","5.33",0.1,0.5,"0.6",122,"5.7%",52,"63",0,0,"0.00%"
"177","177","Moritz Seider","DET",21,"D","82",5,37,42,40,-11,"23:08","17:27","3:06","2:35","3","1","1",1,"0","22","14","1","3","2",25,"15",2,"4","2","35.7%",0.158,1.17,1.328,"0.126","0.922","1.048","0.236","3.3","3.536",0.061,0.451,"0.512",140,"3.6%",207,"190",0,0,"0.00%"
"178","178","Nino Niederreiter","WPG",30,"F","78",24,17,41,22,-13,"16:17","13:46","2:30","0:00","20","4","0",2,"0","14","3","0","2","1",34,"7",0,"4","1","17.1%",1.134,0.803,1.936,"1.117","0.782","1.899","1.228","0.921","2.149",0.308,0.218,"0.526",181,"13.3%",165,"33",8,5,"61.54%"
"179","179","Wyatt Johnston","DAL",19,"F","82",24,17,41,20,6,"15:28","13:32","1:39","0:16","21","3","0",3,"0","13","4","0","4","1",34,"7",0,"7","1","17.1%",1.134,0.803,1.938,"1.134","0.702","1.837","1.324","1.766","3.09",0.293,0.207,"0.5",160,"15.0%",22,"31",145,190,"43.28%"
"180","180","Gabriel Vilardi","LAK",23,"F","63",23,18,41,18,10,"15:36","12:36","2:58","0:01","18","5","0",6,"0","14","4","0","1","0",32,"9",0,"7","0","22.0%",1.404,1.099,2.502,"1.36","1.057","2.417","1.605","1.284","2.889",0.365,0.286,"0.651",122,"18.9%",41,"33",52,61,"46.02%"
"181","181","Frank Vatrano","ANA",28,"F","81",22,19,41,66,-29,"16:40","14:05","1:38","0:56","17","5","0",1,"1","15","4","0","4","1",32,"9",0,"5","2","22.0%",0.977,0.844,1.821,"0.893","0.788","1.682","2.261","1.809","4.07",0.272,0.235,"0.506",231,"9.5%",86,"75",7,10,"41.18%"
"182","182","Ryan Strome","ANA",29,"F","82",15,26,41,79,-30,"17:02","14:42","2:08","0:11","14","1","0",2,"2","23","3","0","4","1",37,"4",0,"6","3","9.8%",0.644,1.116,1.761,"0.696","1.144","1.84","0.341","1.024","1.365",0.183,0.317,"0.5",130,"11.5%",29,"24",402,516,"43.79%"
"183","183","Erik Haula","NJD",31,"F","80",14,27,41,47,13,"16:37","13:31","1:10","1:56","10","2","2",0,"0","21","5","1","3","0",31,"7",3,"3","0","17.1%",0.631,1.218,1.849,"0.555","1.165","1.72","1.279","3.198","4.478",0.175,0.338,"0.513",164,"8.5%",92,"54",573,484,"54.21%"
"184","184","Shayne Gostisbehere","CAR",29,"D","75",13,28,41,32,-5,"20:49","17:27","2:45","0:35","6","5","2",2,"0","18","10","0","1","0",24,"15",2,"3","0","36.6%",0.5,1.076,1.576,"0.275","0.825","1.1","1.448","2.895","4.343",0.173,0.373,"0.547",155,"8.4%",46,"89",0,0,"0.00%"
"185","185","Gustav Forsling","FLA",26,"D","82",13,28,41,40,19,"23:26","19:08","1:19","2:58","12","1","0",3,"0","22","4","2","3","0",34,"5",2,"6","0","12.2%",0.406,0.874,1.28,"0.459","0.841","1.3","0.552","2.207","2.759",0.159,0.341,"0.5",210,"6.2%",69,"105",0,0,"0.00%"
"186","186","Kristopher Letang","PIT",35,"D","64",12,29,41,30,-13,"24:51","20:18","3:37","0:56","5","6","1",3,"3","14","15","0","6","0",19,"21",1,"9","3","51.2%",0.453,1.094,1.546,"0.231","0.647","0.877","1.554","3.885","5.438",0.188,0.453,"0.641",161,"7.5%",162,"108",0,0,"0.00%"
"187","187","Thomas Chabot","OTT",25,"D","68",11,30,41,52,-11,"24:58","21:00","3:46","0:11","6","5","0",0,"0","15","15","0","5","3",21,"20",0,"5","3","48.8%",0.389,1.06,1.449,"0.252","0.63","0.882","1.168","3.505","4.674",0.162,0.441,"0.603",165,"6.7%",79,"123",0,0,"0.00%"
"188","188","Mikael Granlund","PIT",30,"F","79",10,31,41,20,-15,"17:49","13:57","2:39","1:12","9","1","0",1,"0","20","11","0","2","1",29,"12",0,"3","1","29.3%",0.426,1.321,1.747,"0.49","1.088","1.578","0.285","3.139","3.424",0.127,0.392,"0.519",121,"8.3%",78,"60",171,213,"44.53%"
"189","189","Shea Theodore","VGK",27,"D","55",8,33,41,18,16,"21:25","19:05","2:19","0:01","6","2","0",2,"1","26","7","0","7","3",32,"9",0,"9","4","22.0%",0.407,1.68,2.087,"0.343","1.486","1.828","0.942","3.296","4.238",0.145,0.6,"0.745",138,"5.8%",16,"86",0,0,"0.00%"
"190","190","Morgan Rielly","TOR",28,"D","65",4,37,41,21,-9,"21:42","17:43","3:01","0:57","3","1","0",1,"0","21","16","0","7","2",24,"17",0,"8","2","41.5%",0.17,1.574,1.744,"0.156","1.094","1.25","0.306","4.894","5.2",0.062,0.569,"0.631",126,"3.2%",70,"85",0,0,"0.00%"
"191","191","Victor Olofsson","BUF",27,"F","75",28,12,40,4,-23,"14:21","11:50","2:30","0:00","21","7","0",5,"2","7","5","0","3","0",28,"12",0,"8","2","30.0%",1.56,0.669,2.229,"1.419","0.473","1.893","2.235","1.597","3.832",0.373,0.16,"0.533",161,"17.4%",16,"15",1,5,"16.67%"
"192","192","Jaden Schwartz","SEA",30,"F","71",21,19,40,22,-17,"17:25","14:51","2:20","0:13","15","6","0",2,"0","17","2","0","1","0",32,"8",0,"3","0","20.0%",1.019,0.922,1.94,"0.853","0.967","1.82","2.165","0.722","2.886",0.296,0.268,"0.563",167,"12.6%",55,"25",73,84,"46.50%"
"193","193","Andreas Athanasiou","CHI",28,"F","81",20,20,40,34,-29,"16:00","14:02","1:54","0:03","17","3","0",4,"1","16","4","0","2","2",33,"7",0,"6","3","17.5%",0.926,0.926,1.851,"0.897","0.844","1.742","1.161","1.548","2.71",0.247,0.247,"0.494",175,"11.4%",43,"44",81,93,"46.55%"
"194","194","Anthony Beauvillier","VAN",25,"F","82",18,22,40,24,-10,"16:16","14:03","1:55","0:16","15","3","0",5,"1","21","1","0","3","3",36,"4",0,"8","4","10.0%",0.81,0.99,1.799,"0.781","1.093","1.873","1.136","0.379","1.515",0.22,0.268,"0.488",176,"10.2%",78,"30",3,10,"23.08%"
"195","195","Kaapo Kakko","NYR",21,"F","82",18,22,40,8,12,"15:18","13:58","0:53","0:26","18","0","0",2,"0","19","3","0","4","0",37,"3",0,"6","0","7.5%",0.86,1.052,1.912,"0.942","0.995","1.937","0","2.464","2.464",0.22,0.268,"0.488",125,"14.4%",26,"27",1,3,"25.00%"
"196","196","Sam Bennett","FLA",26,"F","63",16,24,40,54,5,"17:24","14:04","2:05","1:14","12","4","0",3,"0","19","5","0","2","0",31,"9",0,"5","0","22.5%",0.875,1.313,2.189,"0.812","1.286","2.099","1.818","2.272","4.09",0.254,0.381,"0.635",193,"8.3%",150,"35",425,479,"47.01%"
"197","197","Kent Johnson","CBJ",20,"F","79",16,24,40,14,-19,"14:30","12:44","1:45","0:00","11","5","0",3,"1","17","7","0","2","0",28,"12",0,"5","1","30.0%",0.837,1.256,2.093,"0.655","1.013","1.668","2.151","3.012","5.163",0.203,0.304,"0.506",126,"12.7%",15,"30",41,98,"29.50%"
"198","198","Jean-Gabriel Pageau","NYI",30,"F","70",13,27,40,14,-2,"17:37","13:17","2:22","1:56","5","5","3",2,"0","23","3","1","8","2",28,"8",4,"10","2","20.0%",0.632,1.314,1.946,"0.322","1.482","1.805","1.803","1.082","2.884",0.186,0.386,"0.571",123,"10.6%",175,"61",719,537,"57.25%"
"199","199","Evan Bouchard","EDM",23,"D","82",8,32,40,28,6,"18:30","15:42","2:16","0:32","6","2","0",2,"1","20","11","1","1","0",26,"13",1,"3","1","32.5%",0.316,1.265,1.581,"0.28","0.932","1.212","0.645","3.548","4.194",0.098,0.39,"0.488",156,"5.1%",95,"77",0,0,"0.00%"
"200","200","Calle J√§rnkrok","TOR",31,"F","73",20,19,39,14,9,"14:22","11:36","1:09","1:36","16","3","1",2,"0","15","2","2","2","0",31,"5",3,"4","0","12.8%",1.143,1.086,2.229,"1.133","1.062","2.195","2.119","1.413","3.532",0.274,0.26,"0.534",106,"18.9%",50,"19",42,52,"44.68%"
"201","201","Evan Rodrigues","COL",29,"F","69",16,23,39,30,7,"17:51","15:24","1:55","0:31","10","6","0",2,"0","18","5","0","6","1",28,"11",0,"8","1","28.2%",0.779,1.12,1.899,"0.564","1.016","1.58","2.719","2.266","4.985",0.232,0.333,"0.565",184,"8.7%",34,"27",119,122,"49.38%"
"202","202","Alexis Lafreni√®re","NYR",21,"F","81",16,23,39,33,10,"15:13","13:48","1:22","0:01","13","3","0",2,"1","22","1","0","3","0",35,"4",0,"5","1","10.3%",0.779,1.119,1.898,"0.697","1.18","1.877","1.616","0.539","2.155",0.198,0.284,"0.481",135,"11.9%",141,"28",28,48,"36.84%"
"203","203","Joel Farabee","PHI",22,"F","82",15,24,39,41,-1,"17:00","14:03","1:57","0:59","15","0","0",1,"0","22","2","0","3","0",37,"2",0,"4","0","5.1%",0.645,1.032,1.678,"0.781","1.145","1.925","0","0.747","0.747",0.183,0.293,"0.476",145,"10.3%",71,"45",16,29,"35.56%"
"204","204","Seth Jarvis","CAR",20,"F","82",14,25,39,12,10,"16:12","14:00","2:02","0:09","13","0","1",0,"0","20","5","0","6","3",33,"5",1,"6","3","12.8%",0.632,1.129,1.761,"0.679","1.045","1.724","0","1.789","1.789",0.171,0.305,"0.476",187,"7.5%",73,"48",9,17,"34.62%"
"205","205","Andre Burakovsky","SEA",27,"F","49",13,26,39,14,-9,"16:33","13:58","2:35","0:00","9","4","0",3,"2","16","10","0","3","1",25,"14",0,"6","3","35.9%",0.962,1.923,2.885,"0.789","1.403","2.192","1.895","4.739","6.634",0.265,0.531,"0.796",105,"12.4%",17,"15",0,6,"0.00%"
"206","206","Filip Hronek","VAN",25,"D","64",9,30,39,34,7,"21:41","17:38","2:25","1:38","5","4","0",1,"0","18","12","0","3","0",23,"16",0,"4","0","41.0%",0.389,1.296,1.685,"0.266","0.957","1.223","1.546","4.638","6.184",0.141,0.469,"0.609",124,"7.3%",102,"58",0,0,"0.00%"
"207","207","Adam Henrique","ANA",32,"F","62",22,16,38,22,-8,"18:10","13:08","2:33","2:29","18","4","0",1,"0","10","6","0","0","0",28,"10",0,"1","0","26.3%",1.171,0.852,2.023,"1.326","0.737","2.063","1.514","2.271","3.785",0.355,0.258,"0.613",132,"16.7%",28,"46",342,327,"51.12%"
"208","208","Frederick Gaudreau","MIN",29,"F","82",19,19,38,10,10,"16:02","12:46","1:10","2:04","12","3","4",3,"0","17","1","1","3","1",29,"4",5,"6","1","10.5%",0.867,0.867,1.733,"0.687","0.973","1.66","1.856","0.619","2.474",0.232,0.232,"0.463",138,"13.8%",42,"52",500,515,"49.26%"
"209","209","Brady Skjei","CAR",28,"D","81",18,20,38,40,7,"21:48","18:33","0:56","2:18","13","4","1",3,"0","17","3","0","6","0",30,"7",1,"9","0","18.4%",0.611,0.679,1.291,"0.519","0.679","1.197","3.158","2.368","5.526",0.222,0.247,"0.469",188,"9.6%",71,"62",0,0,"0.00%"
"210","210","Blake Coleman","CGY",31,"F","82",18,20,38,54,9,"15:12","13:41","0:05","1:25","16","0","2",2,"0","20","0","0","3","0",36,"0",2,"5","0","0.0%",0.866,0.963,1.829,"0.855","1.069","1.924","0","0","0",0.22,0.244,"0.463",188,"9.6%",107,"39",20,22,"47.62%"
"211","211","Mark Stone","VGK",30,"F","43",17,21,38,10,11,"19:22","15:27","2:43","1:11","12","3","2",1,"0","15","6","0","7","2",27,"9",2,"8","2","23.7%",1.224,1.512,2.736,"1.083","1.354","2.437","1.539","3.078","4.617",0.395,0.488,"0.884",113,"15.0%",31,"23",0,3,"0.00%"
"212","212","Kirby Dach","MTL",21,"F","58",14,24,38,43,-2,"18:29","14:44","3:24","0:20","8","6","0",2,"1","12","10","2","5","2",20,"16",2,"7","3","42.1%",0.783,1.342,2.125,"0.562","0.842","1.404","1.817","3.029","4.846",0.241,0.414,"0.655",107,"13.1%",53,"38",87,140,"38.33%"
"213","213","Aaron Ekblad","FLA",26,"D","71",14,24,38,68,-14,"23:23","17:18","3:17","2:47","5","8","1",2,"0","13","11","0","5","0",18,"19",1,"7","0","50.0%",0.506,0.867,1.373,"0.244","0.634","0.878","2.055","2.825","4.88",0.197,0.338,"0.535",218,"6.4%",77,"80",0,0,"0.00%"
"214","214","Alexander Wennberg","SEA",28,"F","82",13,25,38,20,-7,"18:41","14:02","2:16","2:21","9","4","0",3,"0","20","5","0","3","1",29,"9",0,"6","1","23.7%",0.509,0.979,1.487,"0.469","1.042","1.51","1.284","1.605","2.889",0.159,0.305,"0.463",101,"12.9%",43,"63",627,748,"45.60%"
"215","215","Noah Cates","PHI",23,"F","82",13,25,38,12,3,"17:46","14:03","1:50","1:51","9","3","1",5,"0","19","5","1","2","0",28,"8",2,"7","0","21.1%",0.535,1.03,1.565,"0.468","0.988","1.457","1.192","1.987","3.18",0.159,0.305,"0.463",107,"12.2%",86,"65",416,638,"39.47%"
"216","216","Nikolaj Ehlers","WPG",26,"F","45",12,26,38,11,-2,"15:38","12:45","2:52","0:00","9","3","0",0,"0","17","9","0","2","1",26,"12",0,"2","1","31.6%",1.022,2.215,3.238,"0.94","1.776","2.716","1.395","4.186","5.581",0.267,0.578,"0.844",132,"9.1%",36,"10",1,1,"50.00%"
"217","217","Sean Durzi","LAK",24,"D","72",9,29,38,50,-12,"19:47","16:13","2:06","1:27","8","1","0",1,"0","14","15","0","4","0",22,"16",0,"5","0","42.1%",0.379,1.221,1.601,"0.411","0.719","1.13","0.396","5.946","6.342",0.125,0.403,"0.528",110,"8.2%",68,"142",0,0,"0.00%"
"218","218","Noah Hanifin","CGY",25,"D","81",7,31,38,33,2,"22:38","18:15","2:03","2:20","6","1","0",0,"0","23","7","1","5","0",29,"8",1,"5","0","21.1%",0.229,1.014,1.243,"0.244","0.933","1.177","0.361","2.524","2.885",0.086,0.383,"0.469",176,"4.0%",76,"129",0,0,"0.00%"
"219","219","Taylor Raddysh","CHI",24,"F","78",20,17,37,16,-28,"16:34","13:28","3:05","0:00","13","7","0",1,"0","9","8","0","0","0",22,"15",0,"1","0","40.5%",0.929,0.789,1.718,"0.743","0.514","1.257","1.738","1.986","3.725",0.256,0.218,"0.474",129,"15.5%",82,"38",10,9,"52.63%"
"220","220","Brandon Saad","STL",30,"F","71",19,18,37,12,-8,"16:39","13:38","1:51","1:08","15","2","2",1,"0","15","2","1","1","0",30,"4",3,"2","0","10.8%",0.964,0.913,1.877,"0.929","0.929","1.858","0.908","0.908","1.816",0.268,0.254,"0.521",127,"15.0%",24,"31",4,4,"50.00%"
"221","221","Ryan Hartman","MIN",28,"F","59",15,22,37,90,7,"16:17","14:13","1:17","0:46","12","1","2",6,"0","17","3","2","2","0",29,"4",4,"8","0","10.8%",0.936,1.373,2.309,"0.858","1.215","2.073","0.786","2.358","3.143",0.254,0.373,"0.627",149,"10.1%",62,"48",242,322,"42.91%"
"222","222","Conor Sheary","WSH",30,"F","82",15,22,37,22,9,"15:45","12:57","1:07","1:40","11","2","2",1,"0","17","5","0","1","0",28,"7",2,"2","0","18.9%",0.696,1.021,1.717,"0.621","0.959","1.58","1.302","3.254","4.556",0.183,0.268,"0.451",154,"9.7%",57,"39",20,19,"51.28%"
"223","223","Jack Quinn","BUF",21,"F","75",14,23,37,15,-7,"13:50","11:38","1:38","0:33","13","1","0",2,"0","17","5","1","0","0",30,"6",1,"2","0","16.2%",0.809,1.329,2.138,"0.894","1.169","2.063","0.486","2.428","2.914",0.187,0.307,"0.493",126,"11.1%",43,"19",11,22,"33.33%"
"224","224","Teuvo Ter√§v√§inen","CAR",28,"F","68",12,25,37,16,11,"16:54","12:46","2:20","1:46","5","5","2",2,"0","18","6","1","4","0",23,"11",3,"6","0","29.7%",0.626,1.305,1.931,"0.345","1.243","1.588","1.879","2.255","4.134",0.176,0.368,"0.544",144,"8.3%",15,"18",33,20,"62.26%"
"225","225","Seth Jones","CHI",28,"D","72",12,25,37,30,-38,"24:27","19:14","3:17","1:54","10","2","0",1,"1","14","10","1","3","0",24,"12",1,"4","1","32.4%",0.409,0.852,1.261,"0.433","0.606","1.039","0.506","2.531","3.038",0.167,0.347,"0.514",178,"6.7%",106,"125",0,0,"0.00%"
"226","226","Samuel Girard","COL",24,"D","76",6,31,37,16,-10,"21:29","18:58","1:12","1:18","5","1","0",1,"1","23","7","1","4","0",28,"8",1,"5","1","21.6%",0.22,1.139,1.359,"0.208","0.957","1.165","0.653","4.573","5.226",0.079,0.408,"0.487",119,"5.0%",67,"116",0,0,"0.00%"
"227","227","Cole Caufield","MTL",21,"F","46",26,10,36,2,-10,"18:02","14:46","3:15","0:00","19","7","0",3,"0","7","3","0","1","0",26,"10",0,"4","0","27.8%",1.879,0.723,2.602,"1.677","0.618","2.295","2.797","1.199","3.996",0.565,0.217,"0.783",158,"16.5%",18,"12",0,0,"0.00%"
"228","228","Taylor Hall","BOS",31,"F","61",16,20,36,24,11,"15:55","13:41","2:13","0:00","12","4","0",5,"1","16","4","0","3","0",28,"8",0,"8","1","22.2%",0.988,1.235,2.223,"0.862","1.149","2.011","1.766","1.766","3.533",0.262,0.328,"0.59",150,"10.7%",35,"33",4,5,"44.44%"
"229","229","Alex Iafallo","LAK",29,"F","59",14,22,36,20,14,"16:18","12:48","1:38","1:51","7","7","0",5,"0","21","1","0","4","0",28,"8",0,"9","0","22.2%",0.873,1.373,2.246,"0.556","1.668","2.224","4.332","0.619","4.951",0.237,0.373,"0.61",133,"10.5%",27,"33",7,6,"53.85%"
"230","230","Phil Kessel","VGK",35,"F","82",14,22,36,30,-7,"12:48","11:20","1:27","0:00","12","2","0",0,"0","15","7","0","3","0",27,"9",0,"3","0","25.0%",0.8,1.257,2.057,"0.774","0.967","1.741","1.009","3.531","4.54",0.171,0.268,"0.439",149,"9.4%",10,"28",5,7,"41.67%"
"231","231","Stefan Noesen","CAR",29,"F","78",13,23,36,32,11,"12:19","9:36","2:42","0:00","6","7","0",4,"0","15","8","0","1","0",21,"15",0,"5","0","41.7%",0.811,1.435,2.245,"0.48","1.2","1.68","1.989","2.273","4.263",0.167,0.295,"0.462",134,"9.7%",99,"18",53,55,"49.07%"
"232","232","Adam Lowry","WPG",29,"F","82",13,23,36,48,4,"15:38","11:58","1:21","2:18","10","0","3",2,"0","19","2","2","3","2",29,"2",5,"5","2","5.6%",0.608,1.076,1.683,"0.611","1.16","1.771","0","1.075","1.075",0.159,0.28,"0.439",126,"10.3%",161,"46",595,585,"50.42%"
"233","233","Dmitry Orlov","BOS",31,"D","66",7,29,36,22,12,"22:32","18:58","1:29","2:04","6","1","0",2,"2","21","7","1","6","1",27,"8",1,"8","3","22.2%",0.282,1.169,1.452,"0.287","1.006","1.294","0.611","4.274","4.885",0.106,0.439,"0.545",124,"5.7%",137,"85",0,0,"0.00%"
"234","234","Shane Pinto","OTT",22,"F","82",20,15,35,18,-21,"15:58","13:28","2:03","0:26","15","5","0",2,"0","11","4","0","1","0",26,"9",0,"3","0","25.7%",0.916,0.687,1.603,"0.814","0.597","1.411","1.777","1.422","3.199",0.244,0.183,"0.427",158,"12.7%",71,"49",449,413,"52.09%"
"235","235","T.J. Oshie","WSH",36,"F","58",19,16,35,59,-18,"16:43","13:30","3:08","0:04","10","9","0",2,"0","14","2","0","5","2",24,"11",0,"7","2","31.4%",1.175,0.99,2.165,"0.766","1.073","1.839","2.956","0.657","3.613",0.328,0.276,"0.603",126,"15.1%",125,"34",83,97,"46.11%"
"236","236","Brandon Tanev","SEA",31,"F","82",16,19,35,44,21,"14:13","11:36","0:03","2:33","15","0","1",3,"0","19","0","0","3","0",34,"0",1,"6","0","0.0%",0.823,0.978,1.801,"0.946","1.198","2.144","0","0","0",0.195,0.232,"0.427",115,"13.9%",190,"68",3,22,"12.00%"
"237","237","Cody Glass","NSH",23,"F","72",14,21,35,20,9,"14:46","12:21","2:15","0:09","8","6","0",2,"1","18","3","0","7","2",26,"9",0,"9","3","25.7%",0.79,1.185,1.975,"0.539","1.214","1.753","2.213","1.107","3.32",0.194,0.292,"0.486",131,"10.7%",62,"31",362,365,"49.79%"
"238","238","Rasmus Sandin","WSH",22,"D","71",7,28,35,39,3,"19:19","17:15","1:56","0:08","7","0","0",0,"0","17","11","0","5","0",24,"11",0,"5","0","31.4%",0.306,1.224,1.53,"0.343","0.833","1.176","0","4.794","4.794",0.099,0.394,"0.493",81,"8.6%",136,"87",0,0,"0.00%"
"239","239","Owen Power","BUF",20,"D","79",4,31,35,24,10,"23:48","20:43","1:58","1:05","4","0","0",1,"1","22","8","1","6","1",26,"8",1,"7","2","22.9%",0.128,0.989,1.117,"0.147","0.806","0.953","0","3.078","3.078",0.051,0.392,"0.443",130,"3.1%",27,"86",0,0,"0.00%"
"240","240","Zach Parise","NYI",38,"F","82",21,13,34,24,7,"16:08","12:56","1:25","1:46","16","3","2",2,"1","11","1","1","2","0",27,"4",3,"4","1","11.8%",0.952,0.589,1.541,"0.905","0.622","1.527","1.543","0.514","2.057",0.256,0.159,"0.415",182,"11.5%",89,"83",11,18,"37.93%"
"241","241","Jordan Staal","CAR",34,"F","81",17,17,34,32,7,"16:16","13:39","0:15","2:21","16","0","1",3,"0","16","0","1","2","0",32,"0",2,"5","0","0.0%",0.774,0.774,1.548,"0.867","0.867","1.735","0","0","0",0.21,0.21,"0.42",124,"13.7%",155,"39",821,653,"55.70%"
"242","242","Kasperi Kapanen","STL",26,"F","66",15,19,34,18,-8,"13:41","11:32","1:24","0:44","11","3","1",5,"1","16","3","0","2","0",27,"6",1,"7","1","17.6%",0.997,1.262,2.259,"0.867","1.261","2.128","1.928","1.928","3.856",0.227,0.288,"0.515",116,"12.9%",99,"20",30,49,"37.97%"
"243","243","Travis Boyd","ARI",29,"F","82",15,19,34,26,-32,"16:31","13:11","2:19","1:01","13","2","0",3,"1","11","8","0","1","0",24,"10",0,"4","1","29.4%",0.664,0.841,1.505,"0.721","0.61","1.332","0.63","2.521","3.151",0.183,0.232,"0.415",94,"16.0%",39,"59",502,654,"43.43%"
"244","244","Mike Hoffman","MTL",33,"F","67",14,20,34,28,-10,"15:40","13:04","2:35","0:01","13","1","0",3,"2","11","9","0","4","2",24,"10",0,"7","4","29.4%",0.8,1.143,1.943,"0.891","0.754","1.645","0.346","3.118","3.465",0.209,0.299,"0.507",148,"9.5%",24,"24",16,12,"57.14%"
"245","245","Jordan Martinook","CAR",30,"F","82",13,21,34,61,7,"15:37","13:31","0:05","2:00","12","0","1",3,"0","20","0","1","2","0",32,"0",2,"5","0","0.0%",0.608,0.983,1.591,"0.649","1.082","1.732","0","0","0",0.159,0.256,"0.415",162,"8.0%",81,"31",32,39,"45.07%"
"246","246","Jared Spurgeon","MIN",33,"D","79",11,23,34,14,32,"21:48","17:36","1:14","2:57","10","1","0",3,"0","19","3","1","2","0",29,"4",1,"5","0","11.8%",0.383,0.801,1.184,"0.431","0.819","1.25","0.613","1.84","2.454",0.139,0.291,"0.43",149,"7.4%",66,"179",0,0,"0.00%"
"247","247","Blake Lizotte","LAK",25,"F","81",11,23,34,70,11,"12:56","11:31","0:03","1:21","11","0","0",1,"0","21","0","2","2","0",32,"0",2,"3","0","0.0%",0.63,1.316,1.946,"0.707","1.349","2.056","0","0","0",0.136,0.284,"0.42",108,"10.2%",96,"39",413,394,"51.18%"
"248","248","Michael Matheson","MTL",28,"D","48",8,26,34,33,7,"24:27","18:58","3:11","2:17","8","0","0",2,"1","15","9","2","2","0",23,"9",2,"4","1","26.5%",0.409,1.329,1.738,"0.527","0.988","1.515","0","3.531","3.531",0.167,0.542,"0.708",126,"6.4%",53,"80",0,0,"0.00%"
"249","249","Justin Schultz","SEA",32,"D","73",7,27,34,40,4,"17:47","15:28","2:15","0:03","6","1","0",4,"1","15","12","0","6","2",21,"13",0,"10","3","38.2%",0.323,1.247,1.571,"0.319","0.797","1.115","0.365","4.381","4.746",0.096,0.37,"0.466",98,"7.1%",30,"72",0,0,"0.00%"
"250","250","Juuso V√§lim√§ki","ARI",24,"D","78",4,30,34,59,-10,"18:10","15:49","1:44","0:36","3","1","0",1,"0","19","11","0","6","3",22,"12",0,"7","3","35.3%",0.169,1.27,1.439,"0.146","0.924","1.07","0.44","4.836","5.275",0.051,0.385,"0.436",93,"4.3%",53,"98",0,0,"0.00%"
"251","251","Kyle Palmieri","NYI",31,"F","55",16,17,33,24,13,"17:05","14:31","2:18","0:15","13","3","0",3,"0","15","2","0","3","0",28,"5",0,"6","0","15.2%",1.021,1.085,2.105,"0.976","1.126","2.102","1.42","0.947","2.367",0.291,0.309,"0.6",122,"13.1%",76,"17",9,15,"37.50%"
"252","252","Kevin Labanc","SJS",27,"F","72",15,18,33,36,-17,"14:19","13:01","1:18","0:00","13","2","0",0,"0","17","1","0","1","0",30,"3",0,"1","0","9.1%",0.873,1.047,1.92,"0.832","1.088","1.92","1.277","0.638","1.915",0.208,0.25,"0.458",129,"11.6%",70,"28",5,3,"62.50%"
"253","253","Anton Lundell","FLA",21,"F","73",12,21,33,43,1,"16:22","12:48","1:38","1:55","10","0","2",1,"0","16","5","0","4","1",26,"5",2,"5","1","15.2%",0.602,1.054,1.657,"0.642","1.027","1.669","0","2.492","2.492",0.164,0.288,"0.452",152,"7.9%",29,"32",269,310,"46.46%"
"254","254","Sonny Milano","WSH",26,"F","64",11,22,33,18,-5,"12:54","12:06","0:47","0:00","10","1","0",3,"0","18","4","0","3","1",28,"5",0,"6","1","15.2%",0.799,1.598,2.397,"0.774","1.393","2.166","1.188","4.751","5.939",0.172,0.344,"0.516",80,"13.8%",39,"15",0,0,"0.00%"
"255","255","John Klingberg","MIN",30,"D","67",10,23,33,34,-25,"20:37","18:06","2:28","0:01","8","2","0",3,"1","15","8","0","3","2",23,"10",0,"6","3","30.3%",0.434,0.999,1.433,"0.395","0.741","1.137","0.722","2.888","3.61",0.149,0.343,"0.493",112,"8.9%",55,"84",0,0,"0.00%"
"256","256","Neal Pionk","WPG",27,"D","82",10,23,33,44,-12,"21:56","18:19","1:55","1:41","9","1","0",2,"2","20","2","1","7","0",29,"3",1,"9","2","9.1%",0.333,0.767,1.101,"0.36","0.799","1.158","0.38","0.76","1.141",0.122,0.28,"0.402",142,"7.0%",169,"129",0,0,"0.00%"
"257","257","Jakob Chychrun","OTT",24,"D","48",9,24,33,30,7,"22:42","19:01","2:47","0:53","5","4","0",0,"0","20","4","0","4","1",25,"8",0,"4","1","24.2%",0.496,1.321,1.817,"0.329","1.314","1.643","1.791","1.791","3.581",0.188,0.5,"0.688",144,"6.3%",55,"83",0,0,"0.00%"
"258","258","Adam Larsson","SEA",30,"D","82",8,25,33,47,27,"23:38","20:39","0:10","2:48","7","0","1",2,"1","25","0","0","0","0",32,"0",1,"2","1","0.0%",0.248,0.774,1.021,"0.248","0.885","1.133","0","0","0",0.098,0.305,"0.402",143,"5.6%",222,"173",0,0,"0.00%"
"259","259","Evgeny Dadonov","DAL",33,"F","73",7,26,33,18,-8,"14:43","12:47","1:40","0:14","7","0","0",0,"0","18","8","0","7","1",25,"8",0,"7","1","24.2%",0.391,1.451,1.842,"0.45","1.156","1.605","0","3.912","3.912",0.096,0.356,"0.452",110,"6.4%",33,"43",2,6,"25.00%"
"260","260","Damon Severson","NJD",28,"D","81",7,26,33,38,9,"19:57","17:34","1:20","1:01","5","1","1",2,"1","23","3","0","1","0",28,"4",1,"3","1","12.1%",0.26,0.965,1.225,"0.211","0.969","1.18","0.552","1.655","2.207",0.086,0.321,"0.407",102,"6.9%",44,"115",0,0,"0.00%"
"261","261","Josh Anderson","MTL",28,"F","69",21,11,32,72,-8,"16:57","13:58","1:42","1:16","16","4","1",5,"0","11","0","0","0","0",27,"4",1,"5","0","12.5%",1.077,0.564,1.641,"0.995","0.684","1.679","2.038","0","2.038",0.304,0.159,"0.464",164,"12.8%",139,"49",19,25,"43.18%"
"262","262","Nick Paul","TBL",27,"F","80",17,15,32,33,11,"16:09","13:32","1:11","1:24","12","4","1",4,"0","15","0","0","2","1",27,"4",1,"6","1","12.5%",0.789,0.696,1.485,"0.664","0.83","1.495","2.506","0","2.506",0.213,0.188,"0.4",120,"14.2%",111,"46",495,426,"53.75%"
"263","263","Ross Colton","TBL",26,"F","81",16,16,32,50,-8,"12:21","11:04","1:16","0:00","12","4","0",3,"0","11","5","0","6","0",23,"9",0,"9","0","28.1%",0.96,0.96,1.919,"0.802","0.735","1.538","2.336","2.92","5.255",0.198,0.198,"0.395",153,"10.5%",188,"28",106,83,"56.08%"
"264","264","Tyler Johnson","CHI",32,"F","56",12,20,32,16,-21,"16:33","13:58","2:32","0:02","8","4","0",0,"0","15","5","0","3","2",23,"9",0,"3","2","28.1%",0.776,1.293,2.07,"0.613","1.15","1.763","1.684","2.105","3.789",0.214,0.357,"0.571",125,"9.6%",49,"25",58,55,"51.33%"
"265","265","John Peterka","BUF",20,"F","77",12,20,32,26,-15,"13:38","12:08","1:25","0:04","10","2","0",1,"0","17","3","0","0","0",27,"5",0,"1","0","15.6%",0.685,1.142,1.827,"0.642","1.091","1.732","1.094","1.641","2.734",0.156,0.26,"0.416",125,"9.6%",18,"10",5,4,"55.56%"
"266","266","Alexander Kerfoot","TOR",28,"F","82",10,22,32,30,8,"14:37","12:19","0:40","1:37","7","2","1",1,"0","20","1","1","3","0",27,"3",2,"4","0","9.4%",0.501,1.101,1.602,"0.416","1.187","1.603","2.17","1.085","3.255",0.122,0.268,"0.39",133,"7.5%",54,"46",65,80,"44.83%"
"267","267","Mattias Ekholm","EDM",32,"D","78",9,23,32,28,28,"21:28","17:41","1:16","2:30","9","0","0",0,"0","18","4","1","3","0",27,"4",1,"3","0","12.5%",0.322,0.824,1.146,"0.391","0.783","1.174","0","2.421","2.421",0.115,0.295,"0.41",135,"6.7%",91,"104",0,0,"0.00%"
"268","268","Torey Krug","STL",31,"D","63",7,25,32,49,-26,"18:35","15:46","2:45","0:03","3","4","0",1,"0","15","10","0","3","2",18,"14",0,"4","2","43.8%",0.359,1.281,1.64,"0.181","0.905","1.086","1.384","3.459","4.843",0.111,0.397,"0.508",126,"5.6%",40,"87",0,0,"0.00%"
"269","269","Jake Sanderson","OTT",20,"D","77",4,28,32,12,-6,"21:55","16:08","2:29","3:16","2","2","0",0,"0","13","15","0","9","0",15,"17",0,"9","0","53.1%",0.142,0.995,1.138,"0.097","0.627","0.724","0.625","4.685","5.31",0.052,0.364,"0.416",132,"3.0%",43,"147",0,0,"0.00%"
"270","270","Eeli Tolvanen","SEA",23,"F","61",18,13,31,14,8,"14:30","12:06","2:17","0:07","14","4","0",4,"0","10","3","0","4","0",24,"7",0,"8","0","22.6%",1.22,0.881,2.101,"1.138","0.813","1.95","1.721","1.291","3.012",0.295,0.213,"0.508",116,"15.5%",91,"51",3,9,"25.00%"
"271","271","Trent Frederic","BOS",24,"F","79",17,14,31,57,28,"11:55","11:23","0:03","0:27","17","0","0",6,"0","13","0","1","1","0",30,"0",1,"7","0","0.0%",1.083,0.892,1.976,"1.133","0.867","2","0","0","0",0.215,0.177,"0.392",120,"14.2%",105,"36",24,48,"33.33%"
"272","272","Jonathan Toews","CHI",34,"F","53",15,16,31,43,-31,"17:42","13:42","2:52","1:07","6","9","0",1,"1","13","3","0","1","0",19,"12",0,"2","1","38.7%",0.959,1.023,1.982,"0.496","1.074","1.569","3.54","1.18","4.72",0.283,0.302,"0.585",87,"17.2%",9,"23",594,347,"63.12%"
"273","273","Mason Marchment","DAL",27,"F","68",12,19,31,80,-6,"15:42","14:06","1:35","0:00","10","2","0",2,"0","16","3","0","6","1",26,"5",0,"8","1","16.1%",0.674,1.067,1.742,"0.626","1.001","1.627","1.11","1.665","2.774",0.176,0.279,"0.456",148,"8.1%",88,"39",10,15,"40.00%"
"274","274","Barclay Goodrow","NYR",29,"F","82",11,20,31,58,3,"14:10","12:06","0:15","1:48","10","1","0",2,"0","18","1","1","5","0",28,"2",1,"7","0","6.5%",0.568,1.033,1.601,"0.605","1.088","1.693","2.75","2.75","5.5",0.134,0.244,"0.378",89,"12.4%",122,"64",272,321,"45.87%"
"275","275","J.J. Moser","ARI",22,"D","82",7,24,31,35,-12,"21:03","16:02","2:08","2:52","4","3","0",1,"0","16","8","0","4","0",20,"11",0,"5","0","35.5%",0.243,0.834,1.078,"0.182","0.73","0.912","1.028","2.74","3.768",0.085,0.293,"0.378",93,"7.5%",80,"137",0,0,"0.00%"
"276","276","Jeff Petry","PIT",35,"D","61",5,26,31,24,2,"22:20","17:38","2:19","2:22","3","2","0",0,"0","19","7","0","4","1",22,"9",0,"4","1","29.0%",0.22,1.145,1.365,"0.167","1.059","1.227","0.845","2.956","3.801",0.082,0.426,"0.508",113,"4.4%",190,"111",0,0,"0.00%"
"277","277","Mackenzie Weegar","CGY",28,"D","81",4,27,31,43,15,"21:05","18:25","0:57","1:42","4","0","0",1,"0","23","3","1","7","1",27,"3",1,"8","1","9.7%",0.14,0.948,1.088,"0.161","0.924","1.085","0","2.317","2.317",0.049,0.333,"0.383",160,"2.5%",186,"117",0,0,"0.00%"
"278","278","Pierre Engvall","NYI",26,"F","76",17,13,30,31,8,"13:38","12:13","0:58","0:25","16","1","0",4,"0","11","2","0","1","0",27,"3",0,"5","0","10.0%",0.984,0.753,1.737,"1.033","0.71","1.743","0.808","1.617","2.425",0.224,0.171,"0.395",131,"13.0%",47,"6",33,31,"51.56%"
"279","279","Ryan O'Reilly","TOR",31,"F","53",16,14,30,16,-21,"17:56","14:29","1:49","1:37","14","1","1",4,"1","10","4","0","1","0",24,"5",1,"5","1","16.7%",1.01,0.883,1.893,"1.094","0.782","1.876","0.619","2.478","3.097",0.302,0.264,"0.566",102,"15.7%",18,"23",499,396,"55.75%"
"280","280","Nicolas Roy","VGK",25,"F","65",14,16,30,24,10,"16:17","13:16","1:47","1:13","11","3","0",5,"1","12","3","1","1","0",23,"6",1,"6","1","20.0%",0.793,0.906,1.699,"0.765","0.834","1.599","1.546","1.546","3.093",0.215,0.246,"0.462",101,"13.9%",83,"41",369,399,"48.05%"
"281","281","Alex Newhook","COL",21,"F","82",14,16,30,22,0,"13:57","12:32","1:22","0:02","13","1","0",3,"0","15","1","0","0","0",28,"2",0,"3","0","6.7%",0.734,0.839,1.573,"0.758","0.875","1.633","0.533","0.533","1.066",0.171,0.195,"0.366",116,"12.1%",60,"26",208,295,"41.35%"
"282","282","Yegor Sharangovich","NJD",24,"F","75",13,17,30,16,-3,"14:25","12:20","0:05","1:59","11","0","2",2,"1","15","0","2","3","0",26,"0",4,"5","1","0.0%",0.721,0.943,1.665,"0.713","0.973","1.686","0","0","0",0.173,0.227,"0.4",131,"9.9%",22,"41",26,53,"32.91%"
"283","283","Colton Sissons","NSH",29,"F","82",12,18,30,20,-4,"15:49","12:18","0:40","2:51","11","0","1",1,"0","16","2","0","1","0",27,"2",1,"2","0","6.7%",0.555,0.832,1.387,"0.654","0.952","1.606","0","2.179","2.179",0.146,0.22,"0.366",87,"13.8%",164,"72",593,515,"53.52%"
"284","284","Jason Dickinson","CHI",27,"F","78",9,21,30,28,-29,"15:56","13:21","0:39","1:55","8","1","0",1,"0","17","0","4","2","0",25,"1",4,"3","0","3.3%",0.434,1.013,1.448,"0.461","0.979","1.44","1.171","0","1.171",0.115,0.269,"0.385",114,"7.9%",112,"80",368,403,"47.73%"
"285","285","Tyler Bertuzzi","BOS",27,"F","50",8,22,30,29,-8,"16:29","13:38","2:49","0:00","4","4","0",0,"0","16","6","0","7","0",20,"10",0,"7","0","33.3%",0.582,1.601,2.183,"0.352","1.407","1.759","1.696","2.544","4.24",0.16,0.44,"0.6",107,"7.5%",54,"22",4,13,"23.53%"
"286","286","Cole Perfetti","WPG",20,"F","51",8,22,30,16,10,"14:58","13:17","1:41","0:00","7","1","0",0,"0","18","4","0","3","0",25,"5",0,"3","0","16.7%",0.629,1.729,2.358,"0.62","1.594","2.214","0.699","2.795","3.494",0.157,0.431,"0.588",90,"8.9%",35,"22",3,8,"27.27%"
"287","287","Jacob Trouba","NYR",28,"D","82",8,22,30,63,7,"21:11","18:00","1:07","2:03","5","2","1",2,"0","18","3","1","3","0",23,"5",2,"5","0","16.7%",0.276,0.759,1.036,"0.203","0.731","0.934","1.303","1.954","3.257",0.098,0.268,"0.366",199,"4.0%",218,"196",0,1,"0.00%"
"288","288","Brett Pesce","CAR",28,"D","82",5,25,30,43,11,"22:00","18:31","1:04","2:24","4","1","0",2,"1","20","3","2","4","1",24,"4",2,"6","2","13.3%",0.166,0.831,0.997,"0.158","0.79","0.948","0.678","2.033","2.71",0.061,0.305,"0.366",144,"3.5%",37,"110",0,0,"0.00%"
"289","289","Nick Bjugstad","EDM",30,"F","78",17,12,29,34,13,"16:12","13:32","0:35","2:03","15","1","1",1,"0","12","0","0","1","0",27,"1",1,"2","0","3.4%",0.807,0.57,1.377,"0.852","0.681","1.533","1.301","0","1.301",0.218,0.154,"0.372",145,"11.7%",168,"44",530,578,"47.83%"
"290","290","Eric Staal","FLA",38,"F","72",14,15,29,26,-5,"14:14","11:29","0:15","2:29","12","0","2",1,"0","15","0","0","0","0",27,"0",2,"1","0","0.0%",0.819,0.878,1.697,"0.87","1.088","1.958","0","0","0",0.194,0.208,"0.403",106,"13.2%",27,"45",343,400,"46.16%"
"291","291","Jeff Carter","PIT",37,"F","79",13,16,29,30,-16,"13:42","11:02","1:33","1:07","9","4","0",2,"1","10","5","1","3","0",19,"9",1,"5","1","31.0%",0.72,0.887,1.607,"0.619","0.688","1.308","1.956","2.445","4.402",0.165,0.203,"0.367",139,"9.4%",80,"54",557,381,"59.38%"
"292","292","James van Riemsdyk","PHI",33,"F","61",12,17,29,28,-3,"15:21","13:09","2:11","0:00","10","2","0",1,"0","15","2","0","3","0",25,"4",0,"4","0","13.8%",0.769,1.089,1.858,"0.747","1.121","1.868","0.9","0.9","1.799",0.197,0.279,"0.475",119,"10.1%",18,"20",7,7,"50.00%"
"293","293","Anthony Cirelli","TBL",25,"F","58",11,18,29,33,13,"16:33","13:39","0:33","2:20","8","1","2",1,"0","17","1","0","4","1",25,"2",2,"5","1","6.9%",0.687,1.124,1.811,"0.606","1.288","1.893","1.846","1.846","3.692",0.19,0.31,"0.5",111,"9.9%",34,"46",427,404,"51.38%"
"294","294","Michael Rasmussen","DET",23,"F","56",10,19,29,43,2,"15:05","12:53","0:30","1:41","10","0","0",0,"0","18","1","0","4","2",28,"1",0,"4","2","3.4%",0.71,1.349,2.059,"0.831","1.496","2.327","0","2.104","2.104",0.179,0.339,"0.518",88,"11.4%",119,"48",203,195,"51.01%"
"295","295","Trevor Moore","LAK",27,"F","59",10,19,29,14,-2,"16:59","13:47","1:58","1:13","7","2","1",1,"0","13","5","1","3","1",20,"7",2,"4","1","24.1%",0.599,1.137,1.736,"0.516","0.958","1.474","1.032","2.581","3.613",0.169,0.322,"0.492",163,"6.1%",60,"23",14,25,"35.90%"
"296","296","Jesper Fast","CAR",31,"F","80",10,19,29,16,9,"14:43","13:01","0:15","1:26","10","0","0",1,"0","16","0","3","4","0",26,"0",3,"5","0","0.0%",0.509,0.967,1.476,"0.576","0.921","1.497","0","0","0",0.125,0.238,"0.363",76,"13.2%",104,"40",10,15,"40.00%"
"297","297","John Carlson","WSH",32,"D","40",9,20,29,12,-7,"23:23","17:49","3:57","1:35","5","3","1",0,"0","11","9","0","3","0",16,"12",1,"3","0","41.4%",0.577,1.283,1.86,"0.421","0.925","1.346","1.137","3.41","4.546",0.225,0.5,"0.725",124,"7.3%",42,"87",0,0,"0.00%"
"298","298","Nick Jensen","WSH",32,"D","77",5,24,29,18,-1,"20:37","18:05","0:01","2:29","5","0","0",0,"0","23","0","1","2","0",28,"0",1,"2","0","0.0%",0.189,0.907,1.096,"0.215","0.99","1.206","0","0","0",0.065,0.312,"0.377",109,"4.6%",107,"128",0,0,"0.00%"
"299","299","Calen Addison","MIN",22,"D","62",3,26,29,22,-17,"16:07","12:34","3:28","0:04","3","0","0",1,"0","8","18","0","6","3",11,"18",0,"7","3","62.1%",0.18,1.561,1.741,"0.231","0.616","0.847","0","5.009","5.009",0.048,0.419,"0.468",77,"3.9%",19,"38",0,0,"0.00%"
"300","300","Jonathan Drouin","MTL",27,"F","59",2,27,29,18,-18,"14:39","12:39","1:59","0:00","2","0","0",0,"0","18","9","0","5","0",20,"9",0,"5","0","31.0%",0.139,1.874,2.012,"0.161","1.446","1.607","0","4.598","4.598",0.034,0.458,"0.492",69,"2.9%",29,"23",169,211,"44.47%"
